cuda_0_max_memory_allocated_bytes,cuda_0_max_memory_reserved_bytes,cuda_0_memory_allocated_bytes,cuda_0_memory_reserved_bytes,cuda_device_count,device,disk_free_bytes,disk_percent,disk_total_bytes,disk_used_bytes,elapsed_s,inference_latency_s,label,llm_id,n_predictions,notebook,phase,prediction_chars,process_cpu_percent,process_read_bytes,process_read_count,process_rss_bytes,process_vms_bytes,process_write_bytes,process_write_count,sample_id,stage,step,system_cpu_percent,system_ram_available_bytes,system_ram_percent,system_ram_total_bytes,system_ram_used_bytes,test_batches,timestamp_utc
2633233408,23993516032,2633233408,23993516032,1,cuda,386389028864,61.3,999327526912,612938498048,0.0,,obd_soft_prompt_llama_3_2_1b_inference,meta-llama/Llama-3.2-1B,,obd_soft_prompt_training,setup,,0.0,284799845,17182,14525399040,28210917376,343168033,8822,,inference,0,0.0,38081974272,44.4,68541702144,30459727872,39,2026-03-10T12:53:52.005534+00:00
2768584704,23993516032,2656245248,23993516032,1,cuda,386389028864,61.3,999327526912,612938498048,0.515985,,obd_soft_prompt_llama_3_2_1b_inference,meta-llama/Llama-3.2-1B,,obd_soft_prompt_training,sample,,109.0,284799845,17182,14525452288,28210921472,343168033,8822,,inference,1,0.0,38118580224,44.4,68541702144,30423121920,,2026-03-10T12:53:52.521519+00:00
2768584704,23993516032,2657014272,23993516032,1,cuda,386389028864,61.3,999327526912,612938498048,1.03132,,obd_soft_prompt_llama_3_2_1b_inference,meta-llama/Llama-3.2-1B,,obd_soft_prompt_training,sample,,97.1,284799845,17182,14525460480,28210929664,343168033,8822,,inference,2,8.3,38121123840,44.4,68541702144,30420578304,,2026-03-10T12:53:53.036854+00:00
2768584704,23993516032,2657790464,23993516032,1,cuda,386389032960,61.3,999327526912,612938493952,1.546289,,obd_soft_prompt_llama_3_2_1b_inference,meta-llama/Llama-3.2-1B,,obd_soft_prompt_training,sample,,93.9,284799845,17182,14525460480,28210929664,343168033,8822,,inference,3,9.1,38121127936,44.4,68541702144,30420574208,,2026-03-10T12:53:53.551823+00:00
2768584704,23993516032,2658531328,23993516032,1,cuda,386389032960,61.3,999327526912,612938493952,2.047986,,obd_soft_prompt_llama_3_2_1b_inference,meta-llama/Llama-3.2-1B,,obd_soft_prompt_training,sample,,100.0,284799845,17182,14525460480,28210929664,343168033,8822,,inference,4,8.8,38122704896,44.4,68541702144,30418997248,,2026-03-10T12:53:54.053520+00:00
2768584704,23993516032,2659288576,23993516032,1,cuda,386389032960,61.3,999327526912,612938493952,2.563635,,obd_soft_prompt_llama_3_2_1b_inference,meta-llama/Llama-3.2-1B,,obd_soft_prompt_training,sample,,100.1,284799845,17182,14525460480,28210929664,343168033,8822,,inference,5,8.0,38123016192,44.4,68541702144,30418685952,,2026-03-10T12:53:54.569169+00:00
2768584704,23993516032,2633233408,23993516032,1,cuda,386389032960,61.3,999327526912,612938493952,2.734278,2.7230413000070257,obd_soft_prompt_llama_3_2_1b_inference,meta-llama/Llama-3.2-1B,,obd_soft_prompt_training,inference_step,661,99.9,284799845,17182,14525468672,28210929664,343168033,8822,obd_cot_000088,inference,1,8.6,38122999808,44.4,68541702144,30418702336,,2026-03-10T12:53:54.739812+00:00
2770974720,23993516032,2656331776,23993516032,1,cuda,386389032960,61.3,999327526912,612938493952,3.064581,,obd_soft_prompt_llama_3_2_1b_inference,meta-llama/Llama-3.2-1B,,obd_soft_prompt_training,sample,,109.6,284799845,17182,14525468672,28210929664,343168033,8822,,inference,2,8.3,38125105152,44.4,68541702144,30416596992,,2026-03-10T12:53:55.070115+00:00
2770974720,23993516032,2657823232,23993516032,1,cuda,386389032960,61.3,999327526912,612938493952,3.565604,,obd_soft_prompt_llama_3_2_1b_inference,meta-llama/Llama-3.2-1B,,obd_soft_prompt_training,sample,,100.0,284799845,17182,14525468672,28210929664,343168033,8822,,inference,3,7.0,38125539328,44.4,68541702144,30416162816,,2026-03-10T12:53:55.571138+00:00
2770974720,23993516032,2657760256,23993516032,1,cuda,386389032960,61.3,999327526912,612938493952,4.076243,,obd_soft_prompt_llama_3_2_1b_inference,meta-llama/Llama-3.2-1B,,obd_soft_prompt_training,sample,,100.0,284799845,17182,14525468672,28210929664,343168033,8822,,inference,4,8.5,38125756416,44.4,68541702144,30415945728,,2026-03-10T12:53:56.081777+00:00
2770974720,23993516032,2658547712,23993516032,1,cuda,386389032960,61.3,999327526912,612938493952,4.577238,,obd_soft_prompt_llama_3_2_1b_inference,meta-llama/Llama-3.2-1B,,obd_soft_prompt_training,sample,,96.9,284799845,17182,14525468672,28210929664,343168033,8822,,inference,5,10.5,38126157824,44.4,68541702144,30415544320,,2026-03-10T12:53:56.582772+00:00
2770974720,23993516032,2633233408,23993516032,1,cuda,386389032960,61.3,999327526912,612938493952,4.798814,2.0664191999967443,obd_soft_prompt_llama_3_2_1b_inference,meta-llama/Llama-3.2-1B,,obd_soft_prompt_training,inference_step,495,107.0,284799845,17182,14525468672,28210929664,343168033,8822,obd_cot_000177,inference,2,8.0,38126100480,44.4,68541702144,30415601664,,2026-03-10T12:53:56.804348+00:00
2770974720,23993516032,2656069632,23993516032,1,cuda,386389032960,61.3,999327526912,612938493952,5.07827,,obd_soft_prompt_llama_3_2_1b_inference,meta-llama/Llama-3.2-1B,,obd_soft_prompt_training,sample,,94.5,284799845,17182,14525468672,28210929664,343168033,8822,,inference,3,7.0,38126280704,44.4,68541702144,30415421440,,2026-03-10T12:53:57.083804+00:00
2770974720,23993516032,2656769024,23993516032,1,cuda,386389032960,61.3,999327526912,612938493952,5.580763,,obd_soft_prompt_llama_3_2_1b_inference,meta-llama/Llama-3.2-1B,,obd_soft_prompt_training,sample,,106.2,284799845,17182,14525468672,28210929664,343168033,8822,,inference,4,8.2,38126202880,44.4,68541702144,30415499264,,2026-03-10T12:53:57.586297+00:00
2770974720,23993516032,2657525760,23993516032,1,cuda,386389098496,61.3,999327526912,612938428416,6.09818,,obd_soft_prompt_llama_3_2_1b_inference,meta-llama/Llama-3.2-1B,,obd_soft_prompt_training,sample,,99.9,284799845,17182,14525468672,28210929664,343168033,8822,,inference,5,5.9,38145466368,44.3,68541702144,30396235776,,2026-03-10T12:53:58.103714+00:00
2770974720,23993516032,2663770112,23993516032,1,cuda,386389098496,61.3,999327526912,612938428416,6.615151,,obd_soft_prompt_llama_3_2_1b_inference,meta-llama/Llama-3.2-1B,,obd_soft_prompt_training,sample,,97.1,284799845,17182,14525468672,28210929664,343168033,8822,,inference,6,9.3,38143782912,44.3,68541702144,30397919232,,2026-03-10T12:53:58.620685+00:00
2770974720,23993516032,2659034624,23993516032,1,cuda,386389098496,61.3,999327526912,612938428416,7.115461,,obd_soft_prompt_llama_3_2_1b_inference,meta-llama/Llama-3.2-1B,,obd_soft_prompt_training,sample,,100.0,284799845,17182,14525468672,28210929664,343168033,8822,,inference,7,8.4,38143733760,44.3,68541702144,30397968384,,2026-03-10T12:53:59.120995+00:00
2770974720,23993516032,2633233408,23993516032,1,cuda,386389098496,61.3,999327526912,612938428416,7.365484,2.5749152000062168,obd_soft_prompt_llama_3_2_1b_inference,meta-llama/Llama-3.2-1B,,obd_soft_prompt_training,inference_step,639,106.2,284799845,17182,14525468672,28210929664,343168033,8822,obd_cot_000041,inference,3,7.8,38144143360,44.3,68541702144,30397558784,,2026-03-10T12:53:59.371018+00:00
2770974720,23993516032,2656112640,23993516032,1,cuda,386389098496,61.3,999327526912,612938428416,7.62759,,obd_soft_prompt_llama_3_2_1b_inference,meta-llama/Llama-3.2-1B,,obd_soft_prompt_training,sample,,99.9,284799845,17182,14525468672,28210929664,343168033,8822,,inference,4,9.4,38144180224,44.3,68541702144,30397521920,,2026-03-10T12:53:59.633124+00:00
2770974720,23993516032,2656876544,23993516032,1,cuda,386389098496,61.3,999327526912,612938428416,8.131157,,obd_soft_prompt_llama_3_2_1b_inference,meta-llama/Llama-3.2-1B,,obd_soft_prompt_training,sample,,100.0,284799845,17182,14525468672,28210929664,343168033,8822,,inference,5,6.7,38142115840,44.4,68541702144,30399586304,,2026-03-10T12:54:00.136691+00:00
2770974720,23993516032,2657556480,23993516032,1,cuda,386389098496,61.3,999327526912,612938428416,8.648211,,obd_soft_prompt_llama_3_2_1b_inference,meta-llama/Llama-3.2-1B,,obd_soft_prompt_training,sample,,78.7,284799845,17182,14525468672,28210929664,343168033,8822,,inference,6,5.8,38143795200,44.3,68541702144,30397906944,,2026-03-10T12:54:00.653745+00:00
2770974720,23993516032,2658365952,23993516032,1,cuda,386389098496,61.3,999327526912,612938428416,9.164934,,obd_soft_prompt_llama_3_2_1b_inference,meta-llama/Llama-3.2-1B,,obd_soft_prompt_training,sample,,100.1,284799845,17182,14525468672,28210929664,343168033,8822,,inference,7,10.1,38146568192,44.3,68541702144,30395133952,,2026-03-10T12:54:01.170468+00:00
2770974720,23993516032,2633233408,23993516032,1,cuda,386389098496,61.3,999327526912,612938428416,9.512654,2.1443748000019696,obd_soft_prompt_llama_3_2_1b_inference,meta-llama/Llama-3.2-1B,,obd_soft_prompt_training,inference_step,470,99.9,284799845,17182,14525468672,28210929664,343168033,8822,obd_cot_000164,inference,4,7.6,38146826240,44.3,68541702144,30394875904,,2026-03-10T12:54:01.518188+00:00
2770974720,23993516032,2660704768,23993516032,1,cuda,386389098496,61.3,999327526912,612938428416,9.681427,,obd_soft_prompt_llama_3_2_1b_inference,meta-llama/Llama-3.2-1B,,obd_soft_prompt_training,sample,,90.8,284799845,17182,14525468672,28210929664,343168033,8822,,inference,5,6.4,38146879488,44.3,68541702144,30394822656,,2026-03-10T12:54:01.685961+00:00
2770974720,23993516032,2656674304,23993516032,1,cuda,386389098496,61.3,999327526912,612938428416,10.182443,,obd_soft_prompt_llama_3_2_1b_inference,meta-llama/Llama-3.2-1B,,obd_soft_prompt_training,sample,,103.1,284799845,17182,14525468672,28210929664,343168033,8822,,inference,6,7.8,38148038656,44.3,68541702144,30393663488,,2026-03-10T12:54:02.187027+00:00
2770974720,23993516032,2657519616,23993516032,1,cuda,386389098496,61.3,999327526912,612938428416,10.698581,,obd_soft_prompt_llama_3_2_1b_inference,meta-llama/Llama-3.2-1B,,obd_soft_prompt_training,sample,,100.1,284799845,17182,14525468672,28210929664,343168033,8822,,inference,7,6.0,38146957312,44.3,68541702144,30394744832,,2026-03-10T12:54:02.703258+00:00
2770974720,23993516032,2658186752,23993516032,1,cuda,386389098496,61.3,999327526912,612938428416,11.20158,,obd_soft_prompt_llama_3_2_1b_inference,meta-llama/Llama-3.2-1B,,obd_soft_prompt_training,sample,,96.9,284799845,17182,14525468672,28210929664,343168033,8822,,inference,8,7.9,38149193728,44.3,68541702144,30392508416,,2026-03-10T12:54:03.204209+00:00
2770974720,23993516032,2659009024,23993516032,1,cuda,386389098496,61.3,999327526912,612938428416,11.714344,,obd_soft_prompt_llama_3_2_1b_inference,meta-llama/Llama-3.2-1B,,obd_soft_prompt_training,sample,,99.9,284799845,17182,14525468672,28210929664,343168033,8822,,inference,9,8.4,38150598656,44.3,68541702144,30391103488,,2026-03-10T12:54:03.719878+00:00
2770974720,23993516032,2659759616,23993516032,1,cuda,386389098496,61.3,999327526912,612938428416,12.215201,,obd_soft_prompt_llama_3_2_1b_inference,meta-llama/Llama-3.2-1B,,obd_soft_prompt_training,sample,,96.9,284799845,17182,14525468672,28210929664,343168033,8822,,inference,10,9.3,38152368128,44.3,68541702144,30389334016,,2026-03-10T12:54:04.220735+00:00
2770974720,23993516032,2633233408,23993516032,1,cuda,386389098496,61.3,999327526912,612938428416,12.465223,2.9422472000005655,obd_soft_prompt_llama_3_2_1b_inference,meta-llama/Llama-3.2-1B,,obd_soft_prompt_training,inference_step,710,100.0,284799845,17182,14525468672,28210929664,343168033,8822,obd_cot_000089,inference,5,7.7,38152368128,44.3,68541702144,30389334016,,2026-03-10T12:54:04.470757+00:00
2770974720,23993516032,2656133120,23993516032,1,cuda,386389098496,61.3,999327526912,612938428416,12.732148,,obd_soft_prompt_llama_3_2_1b_inference,meta-llama/Llama-3.2-1B,,obd_soft_prompt_training,sample,,105.7,284799845,17182,14525468672,28210929664,343168033,8822,,inference,6,9.3,38152802304,44.3,68541702144,30388899840,,2026-03-10T12:54:04.736374+00:00
2770974720,23993516032,2656952320,23993516032,1,cuda,386389098496,61.3,999327526912,612938428416,13.247632,,obd_soft_prompt_llama_3_2_1b_inference,meta-llama/Llama-3.2-1B,,obd_soft_prompt_training,sample,,97.1,284799845,17182,14525468672,28210929664,343168033,8822,,inference,7,9.6,38153629696,44.3,68541702144,30388072448,,2026-03-10T12:54:05.253166+00:00
2770974720,23993516032,2657786368,23993516032,1,cuda,386389098496,61.3,999327526912,612938428416,13.748559,,obd_soft_prompt_llama_3_2_1b_inference,meta-llama/Llama-3.2-1B,,obd_soft_prompt_training,sample,,99.9,284799845,17182,14525468672,28210929664,343168033,8822,,inference,8,9.2,38153453568,44.3,68541702144,30388248576,,2026-03-10T12:54:05.754093+00:00
2770974720,23993516032,2664086528,23993516032,1,cuda,386389098496,61.3,999327526912,612938428416,14.263614,,obd_soft_prompt_llama_3_2_1b_inference,meta-llama/Llama-3.2-1B,,obd_soft_prompt_training,sample,,100.0,284799845,17182,14525468672,28210929664,343168033,8822,,inference,9,9.5,38153490432,44.3,68541702144,30388211712,,2026-03-10T12:54:06.268147+00:00
2770974720,23993516032,2633233408,23993516032,1,cuda,386389098496,61.3,999327526912,612938428416,14.581825,2.121348800006672,obd_soft_prompt_llama_3_2_1b_inference,meta-llama/Llama-3.2-1B,,obd_soft_prompt_training,inference_step,525,95.3,284799845,17182,14525468672,28210929664,343168033,8822,obd_cot_000182,inference,6,8.7,38154444800,44.3,68541702144,30387257344,,2026-03-10T12:54:06.587359+00:00
2770974720,23993516032,2656560640,23993516032,1,cuda,386389098496,61.3,999327526912,612938428416,14.765228,,obd_soft_prompt_llama_3_2_1b_inference,meta-llama/Llama-3.2-1B,,obd_soft_prompt_training,sample,,91.4,284799845,17182,14525468672,28210929664,343168033,8822,,inference,7,6.3,38154604544,44.3,68541702144,30387097600,,2026-03-10T12:54:06.770195+00:00
2770974720,23993516032,2661694464,23993516032,1,cuda,386389098496,61.3,999327526912,612938428416,15.280501,,obd_soft_prompt_llama_3_2_1b_inference,meta-llama/Llama-3.2-1B,,obd_soft_prompt_training,sample,,100.1,284799845,17182,14525468672,28210929664,343168033,8822,,inference,8,7.3,38156394496,44.3,68541702144,30385307648,,2026-03-10T12:54:07.286035+00:00
2770974720,23993516032,2657559552,23993516032,1,cuda,386389098496,61.3,999327526912,612938428416,15.781764,,obd_soft_prompt_llama_3_2_1b_inference,meta-llama/Llama-3.2-1B,,obd_soft_prompt_training,sample,,100.0,284799845,17182,14525468672,28210929664,343168033,8822,,inference,9,9.0,38155636736,44.3,68541702144,30386065408,,2026-03-10T12:54:07.786268+00:00
2770974720,23993516032,2658343936,23993516032,1,cuda,386389098496,61.3,999327526912,612938428416,16.281765,,obd_soft_prompt_llama_3_2_1b_inference,meta-llama/Llama-3.2-1B,,obd_soft_prompt_training,sample,,100.0,284799845,17182,14525468672,28210929664,343168033,8822,,inference,10,10.1,38155898880,44.3,68541702144,30385803264,,2026-03-10T12:54:08.287299+00:00
2770974720,23993516032,2633233408,23993516032,1,cuda,386389098496,61.3,999327526912,612938428416,16.298572,1.7126279000076465,obd_soft_prompt_llama_3_2_1b_inference,meta-llama/Llama-3.2-1B,,obd_soft_prompt_training,inference_step,411,0.0,284799845,17182,14525468672,28210929664,343168033,8822,obd_cot_000042,inference,7,8.7,38155882496,44.3,68541702144,30385819648,,2026-03-10T12:54:08.304106+00:00
2770974720,23993516032,2656419840,23993516032,1,cuda,386389098496,61.3,999327526912,612938428416,16.798371,,obd_soft_prompt_llama_3_2_1b_inference,meta-llama/Llama-3.2-1B,,obd_soft_prompt_training,sample,,96.9,284799845,17182,14525468672,28210929664,343168033,8822,,inference,8,12.7,38156005376,44.3,68541702144,30385696768,,2026-03-10T12:54:08.802913+00:00
2770974720,23993516032,2657231872,23993516032,1,cuda,386389098496,61.3,999327526912,612938428416,17.313996,,obd_soft_prompt_llama_3_2_1b_inference,meta-llama/Llama-3.2-1B,,obd_soft_prompt_training,sample,,100.1,284799845,17182,14525468672,28210929664,343168033,8822,,inference,9,3.7,38157905920,44.3,68541702144,30383796224,,2026-03-10T12:54:09.319530+00:00
2770974720,23993516032,2658084864,23993516032,1,cuda,386389098496,61.3,999327526912,612938428416,17.831088,,obd_soft_prompt_llama_3_2_1b_inference,meta-llama/Llama-3.2-1B,,obd_soft_prompt_training,sample,,93.9,284799845,17182,14525468672,28210929664,343168033,8822,,inference,10,7.8,38157344768,44.3,68541702144,30384357376,,2026-03-10T12:54:09.835620+00:00
2770974720,23993516032,2658780672,23993516032,1,cuda,386389098496,61.3,999327526912,612938428416,18.331654,,obd_soft_prompt_llama_3_2_1b_inference,meta-llama/Llama-3.2-1B,,obd_soft_prompt_training,sample,,96.9,284799845,17182,14525468672,28210929664,343168033,8822,,inference,11,10.2,38156406784,44.3,68541702144,30385295360,,2026-03-10T12:54:10.337188+00:00
2770974720,23993516032,2633233408,23993516032,1,cuda,386389098496,61.3,999327526912,612938428416,18.815029,2.5098951999971177,obd_soft_prompt_llama_3_2_1b_inference,meta-llama/Llama-3.2-1B,,obd_soft_prompt_training,inference_step,638,96.8,284799845,17182,14525468672,28210929664,343168033,8822,obd_cot_000003,inference,8,6.9,38154260480,44.3,68541702144,30387441664,,2026-03-10T12:54:10.820563+00:00
2770974720,23993516032,2662309888,23993516032,1,cuda,386389098496,61.3,999327526912,612938428416,18.857848,,obd_soft_prompt_llama_3_2_1b_inference,meta-llama/Llama-3.2-1B,,obd_soft_prompt_training,sample,,97.7,284799845,17182,14525468672,28210929664,343168033,8822,,inference,9,7.8,38154346496,44.3,68541702144,30387355648,,2026-03-10T12:54:10.852383+00:00
2770974720,23993516032,2661410816,23993516032,1,cuda,386389164032,61.3,999327526912,612938362880,19.363378,,obd_soft_prompt_llama_3_2_1b_inference,meta-llama/Llama-3.2-1B,,obd_soft_prompt_training,sample,,94.1,284799845,17182,14525468672,28210929664,343168033,8822,,inference,10,9.0,38154338304,44.3,68541702144,30387363840,,2026-03-10T12:54:11.368912+00:00
2770974720,23993516032,2657337344,23993516032,1,cuda,386389164032,61.3,999327526912,612938362880,19.876996,,obd_soft_prompt_llama_3_2_1b_inference,meta-llama/Llama-3.2-1B,,obd_soft_prompt_training,sample,,99.9,284799845,17182,14525468672,28210929664,343168033,8822,,inference,11,8.7,38153773056,44.3,68541702144,30387929088,,2026-03-10T12:54:11.881529+00:00
2770974720,23993516032,2658041856,23993516032,1,cuda,386389164032,61.3,999327526912,612938362880,20.381575,,obd_soft_prompt_llama_3_2_1b_inference,meta-llama/Llama-3.2-1B,,obd_soft_prompt_training,sample,,96.9,284799845,17182,14525468672,28210929664,343168033,8822,,inference,12,10.2,38154440704,44.3,68541702144,30387261440,,2026-03-10T12:54:12.386102+00:00
2770974720,23993516032,2658887168,23993516032,1,cuda,386389164032,61.3,999327526912,612938362880,20.881622,,obd_soft_prompt_llama_3_2_1b_inference,meta-llama/Llama-3.2-1B,,obd_soft_prompt_training,sample,,100.0,284799845,17182,14525468672,28210929664,343168033,8822,,inference,13,7.2,38153830400,44.3,68541702144,30387871744,,2026-03-10T12:54:12.887156+00:00
2770974720,23993516032,2633233408,23993516032,1,cuda,386389164032,61.3,999327526912,612938362880,21.290074,2.4791046000027563,obd_soft_prompt_llama_3_2_1b_inference,meta-llama/Llama-3.2-1B,,obd_soft_prompt_training,inference_step,659,96.2,284799845,17182,14525468672,28210929664,343168033,8822,obd_cot_000073,inference,9,8.6,38154354688,44.3,68541702144,30387347456,,2026-03-10T12:54:13.295608+00:00
2770974720,23993516032,2655945216,23993516032,1,cuda,386389164032,61.3,999327526912,612938362880,21.394377,,obd_soft_prompt_llama_3_2_1b_inference,meta-llama/Llama-3.2-1B,,obd_soft_prompt_training,sample,,85.2,284799845,17182,14525468672,28210929664,343168033,8822,,inference,10,7.8,38154326016,44.3,68541702144,30387376128,,2026-03-10T12:54:13.399911+00:00
2770974720,23993516032,2656570368,23993516032,1,cuda,386389164032,61.3,999327526912,612938362880,21.898175,,obd_soft_prompt_llama_3_2_1b_inference,meta-llama/Llama-3.2-1B,,obd_soft_prompt_training,sample,,93.8,284799845,17182,14525468672,28210929664,343168033,8822,,inference,11,8.3,38154182656,44.3,68541702144,30387519488,,2026-03-10T12:54:13.902433+00:00
2770974720,23993516032,2657303552,23993516032,1,cuda,386389164032,61.3,999327526912,612938362880,22.398191,,obd_soft_prompt_llama_3_2_1b_inference,meta-llama/Llama-3.2-1B,,obd_soft_prompt_training,sample,,100.0,284799845,17182,14525468672,28210929664,343168033,8822,,inference,12,10.0,38152208384,44.3,68541702144,30389493760,,2026-03-10T12:54:14.403725+00:00
2770974720,23993516032,2658075136,23993516032,1,cuda,386389164032,61.3,999327526912,612938362880,22.898232,,obd_soft_prompt_llama_3_2_1b_inference,meta-llama/Llama-3.2-1B,,obd_soft_prompt_training,sample,,96.9,284799845,17182,14525468672,28210929664,343168033,8822,,inference,13,10.0,38152216576,44.3,68541702144,30389485568,,2026-03-10T12:54:14.903766+00:00
2770974720,23993516032,2658863104,23993516032,1,cuda,386389164032,61.3,999327526912,612938362880,23.413584,,obd_soft_prompt_llama_3_2_1b_inference,meta-llama/Llama-3.2-1B,,obd_soft_prompt_training,sample,,100.1,284799845,17182,14525468672,28210929664,343168033,8822,,inference,14,7.2,38152175616,44.3,68541702144,30389526528,,2026-03-10T12:54:15.419118+00:00
2770974720,23993516032,2633233408,23993516032,1,cuda,386389164032,61.3,999327526912,612938362880,23.898121,2.6098015000025043,obd_soft_prompt_llama_3_2_1b_inference,meta-llama/Llama-3.2-1B,,obd_soft_prompt_training,inference_step,647,99.9,284799845,17182,14525468672,28210929664,343168033,8822,obd_cot_000152,inference,10,8.7,38152261632,44.3,68541702144,30389440512,,2026-03-10T12:54:15.903655+00:00
2770974720,23993516032,2681697792,23993516032,1,cuda,386389164032,61.3,999327526912,612938362880,23.914851,,obd_soft_prompt_llama_3_2_1b_inference,meta-llama/Llama-3.2-1B,,obd_soft_prompt_training,sample,,104.2,284799845,17182,14525468672,28210929664,343168033,8822,,inference,11,8.8,38152261632,44.3,68541702144,30389440512,,2026-03-10T12:54:15.919403+00:00
2770974720,23993516032,2656488448,23993516032,1,cuda,386389164032,61.3,999327526912,612938362880,24.430486,,obd_soft_prompt_llama_3_2_1b_inference,meta-llama/Llama-3.2-1B,,obd_soft_prompt_training,sample,,96.9,284799845,17182,14525468672,28210929664,343168033,8822,,inference,12,11.4,38151405568,44.3,68541702144,30390296576,,2026-03-10T12:54:16.436020+00:00
2770974720,23993516032,2657345024,23993516032,1,cuda,386389164032,61.3,999327526912,612938362880,24.931462,,obd_soft_prompt_llama_3_2_1b_inference,meta-llama/Llama-3.2-1B,,obd_soft_prompt_training,sample,,93.8,284799845,17182,14525468672,28210929664,343168033,8822,,inference,13,14.2,38145470464,44.3,68541702144,30396231680,,2026-03-10T12:54:16.936996+00:00
2770974720,23993516032,2658080768,23993516032,1,cuda,386389164032,61.3,999327526912,612938362880,25.445928,,obd_soft_prompt_llama_3_2_1b_inference,meta-llama/Llama-3.2-1B,,obd_soft_prompt_training,sample,,94.1,284799845,17182,14525468672,28210929664,343168033,8822,,inference,14,8.3,38153019392,44.3,68541702144,30388682752,,2026-03-10T12:54:17.451462+00:00
2770974720,23993516032,2633233408,23993516032,1,cuda,386389164032,61.3,999327526912,612938362880,25.862263,1.9543955999979516,obd_soft_prompt_llama_3_2_1b_inference,meta-llama/Llama-3.2-1B,,obd_soft_prompt_training,inference_step,460,96.3,284799845,17182,14525468672,28210929664,343168033,8822,obd_cot_000116,inference,11,10.7,38153302016,44.3,68541702144,30388400128,,2026-03-10T12:54:17.866797+00:00
2770974720,23993516032,2655801344,23993516032,1,cuda,386389164032,61.3,999327526912,612938362880,25.947024,,obd_soft_prompt_llama_3_2_1b_inference,meta-llama/Llama-3.2-1B,,obd_soft_prompt_training,sample,,100.2,284799845,17182,14525468672,28210929664,343168033,8822,,inference,12,8.6,38153363456,44.3,68541702144,30388338688,,2026-03-10T12:54:17.952558+00:00
2770974720,23993516032,2656482816,23993516032,1,cuda,386389164032,61.3,999327526912,612938362880,26.448062,,obd_soft_prompt_llama_3_2_1b_inference,meta-llama/Llama-3.2-1B,,obd_soft_prompt_training,sample,,100.0,284799845,17182,14525468672,28210929664,343168033,8822,,inference,13,6.8,38153785344,44.3,68541702144,30387916800,,2026-03-10T12:54:18.453596+00:00
2770974720,23993516032,2659789824,23993516032,1,cuda,386389164032,61.3,999327526912,612938362880,26.960235,,obd_soft_prompt_llama_3_2_1b_inference,meta-llama/Llama-3.2-1B,,obd_soft_prompt_training,sample,,96.9,284799845,17182,14525468672,28210929664,343168033,8822,,inference,14,3.9,38153158656,44.3,68541702144,30388543488,,2026-03-10T12:54:18.965769+00:00
2770974720,23993516032,2633233408,23993516032,1,cuda,386389168128,61.3,999327526912,612938358784,27.331421,1.4742043000005651,obd_soft_prompt_llama_3_2_1b_inference,meta-llama/Llama-3.2-1B,,obd_soft_prompt_training,inference_step,332,95.8,284799845,17182,14525468672,28210929664,343168033,8822,obd_cot_000058,inference,12,5.9,38151737344,44.3,68541702144,30389964800,,2026-03-10T12:54:19.336955+00:00
2770974720,23993516032,2655936000,23993516032,1,cuda,386389168128,61.3,999327526912,612938358784,27.480034,,obd_soft_prompt_llama_3_2_1b_inference,meta-llama/Llama-3.2-1B,,obd_soft_prompt_training,sample,,99.7,284799845,17182,14525468672,28210929664,343168033,8822,,inference,13,9.7,38151692288,44.3,68541702144,30390009856,,2026-03-10T12:54:19.485568+00:00
2770974720,23993516032,2656774656,23993516032,1,cuda,386389168128,61.3,999327526912,612938358784,27.994632,,obd_soft_prompt_llama_3_2_1b_inference,meta-llama/Llama-3.2-1B,,obd_soft_prompt_training,sample,,97.1,284799845,17182,14525468672,28210929664,343168033,8822,,inference,14,8.6,38150905856,44.3,68541702144,30390796288,,2026-03-10T12:54:19.999165+00:00
2770974720,23993516032,2657568768,23993516032,1,cuda,386389168128,61.3,999327526912,612938358784,28.495281,,obd_soft_prompt_llama_3_2_1b_inference,meta-llama/Llama-3.2-1B,,obd_soft_prompt_training,sample,,100.0,284799845,17182,14525468672,28210929664,343168033,8822,,inference,15,7.3,38150643712,44.3,68541702144,30391058432,,2026-03-10T12:54:20.500815+00:00
2770974720,23993516032,2658231808,23993516032,1,cuda,386389168128,61.3,999327526912,612938358784,28.997289,,obd_soft_prompt_llama_3_2_1b_inference,meta-llama/Llama-3.2-1B,,obd_soft_prompt_training,sample,,96.9,284799845,17182,14525468672,28210929664,343168033,8822,,inference,16,8.9,38150766592,44.3,68541702144,30390935552,,2026-03-10T12:54:21.001821+00:00
2770974720,23993516032,2658987008,23993516032,1,cuda,386389168128,61.3,999327526912,612938358784,29.497966,,obd_soft_prompt_llama_3_2_1b_inference,meta-llama/Llama-3.2-1B,,obd_soft_prompt_training,sample,,96.9,284799845,17182,14525468672,28210929664,343168033,8822,,inference,17,12.8,38130204672,44.4,68541702144,30411497472,,2026-03-10T12:54:21.503500+00:00
2770974720,23993516032,2633233408,23993516032,1,cuda,386389168128,61.3,999327526912,612938358784,29.898232,2.564587799992296,obd_soft_prompt_llama_3_2_1b_inference,meta-llama/Llama-3.2-1B,,obd_soft_prompt_training,inference_step,605,96.0,284799845,17182,14525468672,28210929664,343168033,8822,obd_cot_000109,inference,13,9.5,38108762112,44.4,68541702144,30432940032,,2026-03-10T12:54:21.903766+00:00
2770974720,23993516032,2655912448,23993516032,1,cuda,386389164032,61.3,999327526912,612938362880,30.014551,,obd_soft_prompt_llama_3_2_1b_inference,meta-llama/Llama-3.2-1B,,obd_soft_prompt_training,sample,,114.7,284799845,17182,14525468672,28210929664,343168033,8822,,inference,14,9.5,38109044736,44.4,68541702144,30432657408,,2026-03-10T12:54:22.019166+00:00
2770974720,23993516032,2656646656,23993516032,1,cuda,386389184512,61.3,999327526912,612938342400,30.522543,,obd_soft_prompt_llama_3_2_1b_inference,meta-llama/Llama-3.2-1B,,obd_soft_prompt_training,sample,,96.9,284799845,17182,14525468672,28210929664,343168033,8822,,inference,15,13.4,37969367040,44.6,68541702144,30572335104,,2026-03-10T12:54:22.528077+00:00
2770974720,23993516032,2657403392,23993516032,1,cuda,386389184512,61.3,999327526912,612938342400,31.031174,,obd_soft_prompt_llama_3_2_1b_inference,meta-llama/Llama-3.2-1B,,obd_soft_prompt_training,sample,,97.1,284799845,17182,14525468672,28210929664,343168033,8822,,inference,16,10.5,37977706496,44.6,68541702144,30563995648,,2026-03-10T12:54:23.035854+00:00
2770974720,23993516032,2658159104,23993516032,1,cuda,386389184512,61.3,999327526912,612938342400,31.542698,,obd_soft_prompt_llama_3_2_1b_inference,meta-llama/Llama-3.2-1B,,obd_soft_prompt_training,sample,,100.0,284799845,17182,14525468672,28210929664,343168033,8822,,inference,17,10.3,37976850432,44.6,68541702144,30564851712,,2026-03-10T12:54:23.547836+00:00
2770974720,23993516032,2658916352,23993516032,1,cuda,386389184512,61.3,999327526912,612938342400,32.04792,,obd_soft_prompt_llama_3_2_1b_inference,meta-llama/Llama-3.2-1B,,obd_soft_prompt_training,sample,,96.9,284799845,17182,14525468672,28210929664,343168033,8822,,inference,18,8.1,37981016064,44.6,68541702144,30560686080,,2026-03-10T12:54:24.053454+00:00
2770974720,23993516032,2633233408,23993516032,1,cuda,386389184512,61.3,999327526912,612938342400,32.082073,2.1808523000072455,obd_soft_prompt_llama_3_2_1b_inference,meta-llama/Llama-3.2-1B,,obd_soft_prompt_training,inference_step,524,100.8,284799845,17182,14525468672,28210929664,343168033,8822,obd_cot_000185,inference,14,10.4,37982871552,44.6,68541702144,30558830592,,2026-03-10T12:54:24.087607+00:00
2771375616,23993516032,2656586240,23993516032,1,cuda,386389184512,61.3,999327526912,612938342400,32.563003,,obd_soft_prompt_llama_3_2_1b_inference,meta-llama/Llama-3.2-1B,,obd_soft_prompt_training,sample,,100.1,284799845,17182,14525468672,28210929664,343168033,8822,,inference,15,9.1,37983600640,44.6,68541702144,30558101504,,2026-03-10T12:54:24.568537+00:00
2771375616,23993516032,2657250816,23993516032,1,cuda,386389184512,61.3,999327526912,612938342400,33.063906,,obd_soft_prompt_llama_3_2_1b_inference,meta-llama/Llama-3.2-1B,,obd_soft_prompt_training,sample,,100.0,284799845,17182,14525468672,28210929664,343168033,8822,,inference,16,8.1,37983748096,44.6,68541702144,30557954048,,2026-03-10T12:54:25.069440+00:00
2771375616,23993516032,2658020864,23993516032,1,cuda,386389184512,61.3,999327526912,612938342400,33.564746,,obd_soft_prompt_llama_3_2_1b_inference,meta-llama/Llama-3.2-1B,,obd_soft_prompt_training,sample,,96.9,284799845,17182,14525468672,28210929664,343168033,8822,,inference,17,9.4,37988573184,44.6,68541702144,30553128960,,2026-03-10T12:54:25.570280+00:00
2771375616,23993516032,2658796544,23993516032,1,cuda,386389184512,61.3,999327526912,612938342400,34.079531,,obd_soft_prompt_llama_3_2_1b_inference,meta-llama/Llama-3.2-1B,,obd_soft_prompt_training,sample,,96.9,284799845,17182,14525468672,28210929664,343168033,8822,,inference,18,9.1,37989138432,44.6,68541702144,30552563712,,2026-03-10T12:54:26.085065+00:00
2771375616,23993516032,2633233408,23993516032,1,cuda,386389184512,61.3,999327526912,612938342400,34.452898,2.365924300000188,obd_soft_prompt_llama_3_2_1b_inference,meta-llama/Llama-3.2-1B,,obd_soft_prompt_training,inference_step,599,95.8,284799845,17182,14525468672,28210929664,343168033,8822,obd_cot_000168,inference,15,8.8,37989257216,44.6,68541702144,30552444928,,2026-03-10T12:54:26.457431+00:00
2771375616,23993516032,2655814144,23993516032,1,cuda,386389184512,61.3,999327526912,612938342400,34.581045,,obd_soft_prompt_llama_3_2_1b_inference,meta-llama/Llama-3.2-1B,,obd_soft_prompt_training,sample,,112.5,284799845,17182,14525468672,28210929664,343168033,8822,,inference,16,8.9,37989662720,44.6,68541702144,30552039424,,2026-03-10T12:54:26.586579+00:00
2771375616,23993516032,2656642048,23993516032,1,cuda,386389184512,61.3,999327526912,612938342400,35.081272,,obd_soft_prompt_llama_3_2_1b_inference,meta-llama/Llama-3.2-1B,,obd_soft_prompt_training,sample,,100.0,284799845,17182,14525468672,28210929664,343168033,8822,,inference,17,7.5,37990019072,44.6,68541702144,30551683072,,2026-03-10T12:54:27.086806+00:00
2771375616,23993516032,2662497280,23993516032,1,cuda,386389184512,61.3,999327526912,612938342400,35.596663,,obd_soft_prompt_llama_3_2_1b_inference,meta-llama/Llama-3.2-1B,,obd_soft_prompt_training,sample,,99.9,284799845,17182,14525468672,28210929664,343168033,8822,,inference,18,7.1,37991010304,44.6,68541702144,30550691840,,2026-03-10T12:54:27.602197+00:00
2771375616,23993516032,2658129408,23993516032,1,cuda,386389184512,61.3,999327526912,612938342400,36.112006,,obd_soft_prompt_llama_3_2_1b_inference,meta-llama/Llama-3.2-1B,,obd_soft_prompt_training,sample,,97.1,284799845,17182,14525468672,28210929664,343168033,8822,,inference,19,8.5,37971554304,44.6,68541702144,30570147840,,2026-03-10T12:54:28.117540+00:00
2771375616,23993516032,2658977280,23993516032,1,cuda,386389184512,61.3,999327526912,612938342400,36.613349,,obd_soft_prompt_llama_3_2_1b_inference,meta-llama/Llama-3.2-1B,,obd_soft_prompt_training,sample,,103.1,284799845,17182,14525468672,28210929664,343168033,8822,,inference,20,8.0,37973311488,44.6,68541702144,30568390656,,2026-03-10T12:54:28.618883+00:00
2771375616,23993516032,2633233408,23993516032,1,cuda,386389184512,61.3,999327526912,612938342400,36.630974,2.1851986999972723,obd_soft_prompt_llama_3_2_1b_inference,meta-llama/Llama-3.2-1B,,obd_soft_prompt_training,inference_step,535,97.7,284799845,17182,14525468672,28210929664,343168033,8822,obd_cot_000052,inference,16,7.9,37973454848,44.6,68541702144,30568247296,,2026-03-10T12:54:28.636508+00:00
2771375616,23993516032,2656458240,23993516032,1,cuda,386389184512,61.3,999327526912,612938342400,37.114352,,obd_soft_prompt_llama_3_2_1b_inference,meta-llama/Llama-3.2-1B,,obd_soft_prompt_training,sample,,96.8,284799845,17182,14525468672,28210929664,343168033,8822,,inference,17,8.9,37973262336,44.6,68541702144,30568439808,,2026-03-10T12:54:29.119886+00:00
2771375616,23993516032,2657225728,23993516032,1,cuda,386389184512,61.3,999327526912,612938342400,37.62437,,obd_soft_prompt_llama_3_2_1b_inference,meta-llama/Llama-3.2-1B,,obd_soft_prompt_training,sample,,96.9,284799845,17182,14525468672,28210929664,343168033,8822,,inference,18,8.7,37976211456,44.6,68541702144,30565490688,,2026-03-10T12:54:29.629904+00:00
2771375616,23993516032,2657969152,23993516032,1,cuda,386389184512,61.3,999327526912,612938342400,38.130082,,obd_soft_prompt_llama_3_2_1b_inference,meta-llama/Llama-3.2-1B,,obd_soft_prompt_training,sample,,103.1,284799845,17182,14525468672,28210929664,343168033,8822,,inference,19,7.3,37975715840,44.6,68541702144,30565986304,,2026-03-10T12:54:30.135616+00:00
2771375616,23993516032,2658742784,23993516032,1,cuda,386389184512,61.3,999327526912,612938342400,38.630893,,obd_soft_prompt_llama_3_2_1b_inference,meta-llama/Llama-3.2-1B,,obd_soft_prompt_training,sample,,96.9,284799845,17182,14525468672,28210929664,343168033,8822,,inference,20,7.0,37976498176,44.6,68541702144,30565203968,,2026-03-10T12:54:30.636427+00:00
2771375616,23993516032,2659490304,23993516032,1,cuda,386389184512,61.3,999327526912,612938342400,39.130895,,obd_soft_prompt_llama_3_2_1b_inference,meta-llama/Llama-3.2-1B,,obd_soft_prompt_training,sample,,100.0,284799845,17182,14525468672,28210929664,343168033,8822,,inference,21,9.3,37978234880,44.6,68541702144,30563467264,,2026-03-10T12:54:31.136429+00:00
2771375616,23993516032,2633233408,23993516032,1,cuda,386389184512,61.3,999327526912,612938342400,39.256681,2.616287299999385,obd_soft_prompt_llama_3_2_1b_inference,meta-llama/Llama-3.2-1B,,obd_soft_prompt_training,inference_step,623,100.0,284799845,17182,14525468672,28210929664,343168033,8822,obd_cot_000145,inference,17,8.2,37978378240,44.6,68541702144,30563323904,,2026-03-10T12:54:31.261215+00:00
2771375616,23993516032,2656320512,23993516032,1,cuda,386389184512,61.3,999327526912,612938342400,39.638704,,obd_soft_prompt_llama_3_2_1b_inference,meta-llama/Llama-3.2-1B,,obd_soft_prompt_training,sample,,104.2,284799845,17182,14525468672,28210929664,343168033,8822,,inference,18,8.0,37979389952,44.6,68541702144,30562312192,,2026-03-10T12:54:31.643889+00:00
2771375616,23993516032,2657145344,23993516032,1,cuda,386389184512,61.3,999327526912,612938342400,40.146466,,obd_soft_prompt_llama_3_2_1b_inference,meta-llama/Llama-3.2-1B,,obd_soft_prompt_training,sample,,99.9,284799845,17182,14525468672,28210929664,343168033,8822,,inference,19,9.1,37981855744,44.6,68541702144,30559846400,,2026-03-10T12:54:32.152000+00:00
2771375616,23993516032,2657923584,23993516032,1,cuda,386389184512,61.3,999327526912,612938342400,40.647565,,obd_soft_prompt_llama_3_2_1b_inference,meta-llama/Llama-3.2-1B,,obd_soft_prompt_training,sample,,100.0,284799845,17182,14525468672,28210929664,343168033,8822,,inference,20,7.5,37983395840,44.6,68541702144,30558306304,,2026-03-10T12:54:32.653099+00:00
2771375616,23993516032,2658639872,23993516032,1,cuda,386389184512,61.3,999327526912,612938342400,41.163711,,obd_soft_prompt_llama_3_2_1b_inference,meta-llama/Llama-3.2-1B,,obd_soft_prompt_training,sample,,100.1,284799845,17182,14525468672,28210929664,343168033,8822,,inference,21,9.2,37979979776,44.6,68541702144,30561722368,,2026-03-10T12:54:33.168240+00:00
2771375616,23993516032,2659420160,23993516032,1,cuda,386389184512,61.3,999327526912,612938342400,41.664126,,obd_soft_prompt_llama_3_2_1b_inference,meta-llama/Llama-3.2-1B,,obd_soft_prompt_training,sample,,96.9,284799845,17182,14525468672,28210929664,343168033,8822,,inference,22,10.2,37979869184,44.6,68541702144,30561832960,,2026-03-10T12:54:33.669660+00:00
2771375616,23993516032,2633233408,23993516032,1,cuda,386389184512,61.3,999327526912,612938342400,41.927102,2.669460299992352,obd_soft_prompt_llama_3_2_1b_inference,meta-llama/Llama-3.2-1B,,obd_soft_prompt_training,inference_step,657,99.9,284799845,17182,14525468672,28210929664,343168033,8822,obd_cot_000193,inference,18,8.4,37982957568,44.6,68541702144,30558744576,,2026-03-10T12:54:33.931636+00:00
2771375616,23993516032,2656165376,23993516032,1,cuda,386389184512,61.3,999327526912,612938342400,42.168244,,obd_soft_prompt_llama_3_2_1b_inference,meta-llama/Llama-3.2-1B,,obd_soft_prompt_training,sample,,100.2,284799845,17182,14525468672,28210929664,343168033,8822,,inference,19,5.3,37982855168,44.6,68541702144,30558846976,,2026-03-10T12:54:34.173778+00:00
2771375616,23993516032,2656893440,23993516032,1,cuda,386389184512,61.3,999327526912,612938342400,42.67975,,obd_soft_prompt_llama_3_2_1b_inference,meta-llama/Llama-3.2-1B,,obd_soft_prompt_training,sample,,96.9,284799845,17182,14525468672,28210929664,343168033,8822,,inference,20,6.6,37984067584,44.6,68541702144,30557634560,,2026-03-10T12:54:34.685284+00:00
2771375616,23993516032,2657640448,23993516032,1,cuda,386389184512,61.3,999327526912,612938342400,43.180732,,obd_soft_prompt_llama_3_2_1b_inference,meta-llama/Llama-3.2-1B,,obd_soft_prompt_training,sample,,103.1,284799845,17182,14525468672,28210929664,343168033,8822,,inference,21,9.5,37975146496,44.6,68541702144,30566555648,,2026-03-10T12:54:35.186266+00:00
2771375616,23993516032,2658417152,23993516032,1,cuda,386389184512,61.3,999327526912,612938342400,43.697375,,obd_soft_prompt_llama_3_2_1b_inference,meta-llama/Llama-3.2-1B,,obd_soft_prompt_training,sample,,97.1,284799845,17182,14525468672,28210929664,343168033,8822,,inference,22,7.5,37963898880,44.6,68541702144,30577803264,,2026-03-10T12:54:35.702136+00:00
2771375616,23993516032,2659167232,23993516032,1,cuda,386389184512,61.3,999327526912,612938342400,44.197375,,obd_soft_prompt_llama_3_2_1b_inference,meta-llama/Llama-3.2-1B,,obd_soft_prompt_training,sample,,100.0,284799845,17182,14525468672,28210929664,343168033,8822,,inference,23,10.1,37966524416,44.6,68541702144,30575177728,,2026-03-10T12:54:36.202909+00:00
2771375616,23993516032,2633233408,23993516032,1,cuda,386389184512,61.3,999327526912,612938342400,44.679393,2.7508830999868223,obd_soft_prompt_llama_3_2_1b_inference,meta-llama/Llama-3.2-1B,,obd_soft_prompt_training,inference_step,663,96.6,284799845,17182,14525468672,28210929664,343168033,8822,obd_cot_000156,inference,19,8.5,37902512128,44.7,68541702144,30639190016,,2026-03-10T12:54:36.683927+00:00
2771375616,23993516032,2663971328,23993516032,1,cuda,386389184512,61.3,999327526912,612938342400,44.723995,,obd_soft_prompt_llama_3_2_1b_inference,meta-llama/Llama-3.2-1B,,obd_soft_prompt_training,sample,,100.8,284799845,17182,14525468672,28210929664,343168033,8822,,inference,20,10.9,37902512128,44.7,68541702144,30639190016,,2026-03-10T12:54:36.718907+00:00
2771375616,23993516032,2656644096,23993516032,1,cuda,386389172224,61.3,999327526912,612938354688,45.230674,,obd_soft_prompt_llama_3_2_1b_inference,meta-llama/Llama-3.2-1B,,obd_soft_prompt_training,sample,,99.9,284799845,17182,14525468672,28210929664,343168033,8822,,inference,21,8.6,37904760832,44.7,68541702144,30636941312,,2026-03-10T12:54:37.235389+00:00
2771375616,23993516032,2657396224,23993516032,1,cuda,386389106688,61.3,999327526912,612938420224,45.745956,,obd_soft_prompt_llama_3_2_1b_inference,meta-llama/Llama-3.2-1B,,obd_soft_prompt_training,sample,,97.1,284799845,17182,14525468672,28210929664,343168033,8822,,inference,22,9.5,37893947392,44.7,68541702144,30647754752,,2026-03-10T12:54:37.751490+00:00
2771375616,23993516032,2658135552,23993516032,1,cuda,386388094976,61.3,999327526912,612939431936,46.247292,,obd_soft_prompt_llama_3_2_1b_inference,meta-llama/Llama-3.2-1B,,obd_soft_prompt_training,sample,,103.1,284799845,17182,14525468672,28210929664,343168033,8822,,inference,23,9.6,37890256896,44.7,68541702144,30651445248,,2026-03-10T12:54:38.251918+00:00
2771375616,23993516032,2658837504,23993516032,1,cuda,386388094976,61.3,999327526912,612939431936,46.757377,,obd_soft_prompt_llama_3_2_1b_inference,meta-llama/Llama-3.2-1B,,obd_soft_prompt_training,sample,,99.9,284799845,17182,14525468672,28210929664,343168033,8822,,inference,24,7.4,37923225600,44.7,68541702144,30618476544,,2026-03-10T12:54:38.762911+00:00
2771375616,23993516032,2659573248,23993516032,1,cuda,386388094976,61.3,999327526912,612939431936,47.264988,,obd_soft_prompt_llama_3_2_1b_inference,meta-llama/Llama-3.2-1B,,obd_soft_prompt_training,sample,,93.9,284799845,17182,14525468672,28210929664,343168033,8822,,inference,25,16.3,37855457280,44.8,68541702144,30686244864,,2026-03-10T12:54:39.269468+00:00
2771375616,23993516032,2633233408,23993516032,1,cuda,386387906560,61.3,999327526912,612939620352,47.350531,2.669563700008439,obd_soft_prompt_llama_3_2_1b_inference,meta-llama/Llama-3.2-1B,,obd_soft_prompt_training,inference_step,613,120.2,284799845,17182,14525468672,28210929664,343168033,8822,obd_cot_000131,inference,20,11.9,37817081856,44.8,68541702144,30724620288,,2026-03-10T12:54:39.354064+00:00
2771375616,23993516032,2656257024,23993516032,1,cuda,386387259392,61.3,999327526912,612940267520,47.769237,,obd_soft_prompt_llama_3_2_1b_inference,meta-llama/Llama-3.2-1B,,obd_soft_prompt_training,sample,,103.7,284799845,17182,14525468672,28210929664,343168033,8822,,inference,21,34.4,37798580224,44.9,68541702144,30743121920,,2026-03-10T12:54:39.774771+00:00
2771375616,23993516032,2657018880,23993516032,1,cuda,386386206720,61.3,999327526912,612941320192,48.269424,,obd_soft_prompt_llama_3_2_1b_inference,meta-llama/Llama-3.2-1B,,obd_soft_prompt_training,sample,,100.0,284799845,17182,14525468672,28210929664,343168033,8822,,inference,22,10.8,37813235712,44.8,68541702144,30728466432,,2026-03-10T12:54:40.274958+00:00
2771375616,23993516032,2662896128,23993516032,1,cuda,386386173952,61.3,999327526912,612941352960,48.770178,,obd_soft_prompt_llama_3_2_1b_inference,meta-llama/Llama-3.2-1B,,obd_soft_prompt_training,sample,,100.0,284799845,17182,14525468672,28210929664,343168033,8822,,inference,23,10.2,37763862528,44.9,68541702144,30777839616,,2026-03-10T12:54:40.775712+00:00
2771375616,23993516032,2658722304,23993516032,1,cuda,386385821696,61.3,999327526912,612941705216,49.280547,,obd_soft_prompt_llama_3_2_1b_inference,meta-llama/Llama-3.2-1B,,obd_soft_prompt_training,sample,,97.1,284799845,17182,14525468672,28210929664,343168033,8822,,inference,24,8.7,37763059712,44.9,68541702144,30778642432,,2026-03-10T12:54:41.284991+00:00
2771375616,23993516032,2633233408,23993516032,1,cuda,386385821696,61.3,999327526912,612941705216,49.494215,2.1428816999978153,obd_soft_prompt_llama_3_2_1b_inference,meta-llama/Llama-3.2-1B,,obd_soft_prompt_training,inference_step,492,100.1,284799845,17182,14525468672,28210929664,343168033,8822,obd_cot_000061,inference,21,13.2,37766213632,44.9,68541702144,30775488512,,2026-03-10T12:54:41.499749+00:00
2771375616,23993516032,2656133120,23993516032,1,cuda,386385821696,61.3,999327526912,612941705216,49.796149,,obd_soft_prompt_llama_3_2_1b_inference,meta-llama/Llama-3.2-1B,,obd_soft_prompt_training,sample,,94.8,284799845,17182,14525468672,28210929664,343168033,8822,,inference,22,8.4,37799276544,44.9,68541702144,30742425600,,2026-03-10T12:54:41.801683+00:00
2771375616,23993516032,2661876736,23993516032,1,cuda,386385821696,61.3,999327526912,612941705216,50.297125,,obd_soft_prompt_llama_3_2_1b_inference,meta-llama/Llama-3.2-1B,,obd_soft_prompt_training,sample,,100.0,284799845,17182,14525468672,28210929664,343168033,8822,,inference,23,8.6,37814603776,44.8,68541702144,30727098368,,2026-03-10T12:54:42.302189+00:00
2771375616,23993516032,2657737216,23993516032,1,cuda,386385821696,61.3,999327526912,612941705216,50.79717,,obd_soft_prompt_llama_3_2_1b_inference,meta-llama/Llama-3.2-1B,,obd_soft_prompt_training,sample,,106.2,284799845,17182,14525468672,28210929664,343168033,8822,,inference,24,10.1,37830586368,44.8,68541702144,30711115776,,2026-03-10T12:54:42.802704+00:00
2771375616,23993516032,2658454016,23993516032,1,cuda,386385821696,61.3,999327526912,612941705216,51.312736,,obd_soft_prompt_llama_3_2_1b_inference,meta-llama/Llama-3.2-1B,,obd_soft_prompt_training,sample,,97.1,284799845,17182,14525468672,28210929664,343168033,8822,,inference,25,6.4,37881192448,44.7,68541702144,30660509696,,2026-03-10T12:54:43.318270+00:00
2771375616,23993516032,2664866816,23993516032,1,cuda,386385821696,61.3,999327526912,612941705216,51.813769,,obd_soft_prompt_llama_3_2_1b_inference,meta-llama/Llama-3.2-1B,,obd_soft_prompt_training,sample,,96.9,284799845,17182,14525468672,28210929664,343168033,8822,,inference,26,7.1,37879652352,44.7,68541702144,30662049792,,2026-03-10T12:54:43.819303+00:00
2771375616,23993516032,2633233408,23993516032,1,cuda,386385821696,61.3,999327526912,612941705216,52.05234,2.5554525000043213,obd_soft_prompt_llama_3_2_1b_inference,meta-llama/Llama-3.2-1B,,obd_soft_prompt_training,inference_step,646,99.7,284799845,17182,14525468672,28210929664,343168033,8822,obd_cot_000057,inference,22,7.9,37880451072,44.7,68541702144,30661251072,,2026-03-10T12:54:44.056874+00:00
2771375616,23993516032,2656198144,23993516032,1,cuda,386385821696,61.3,999327526912,612941705216,52.329419,,obd_soft_prompt_llama_3_2_1b_inference,meta-llama/Llama-3.2-1B,,obd_soft_prompt_training,sample,,100.1,284799845,17182,14525468672,28210929664,343168033,8822,,inference,23,9.0,37879558144,44.7,68541702144,30662144000,,2026-03-10T12:54:44.334637+00:00
2771375616,23993516032,2656920576,23993516032,1,cuda,386385690624,61.3,999327526912,612941836288,52.830376,,obd_soft_prompt_llama_3_2_1b_inference,meta-llama/Llama-3.2-1B,,obd_soft_prompt_training,sample,,100.0,284799845,17182,14525468672,28210929664,343168033,8822,,inference,24,7.7,37873504256,44.7,68541702144,30668197888,,2026-03-10T12:54:44.834976+00:00
2771375616,23993516032,2657657856,23993516032,1,cuda,386385747968,61.3,999327526912,612941778944,53.330426,,obd_soft_prompt_llama_3_2_1b_inference,meta-llama/Llama-3.2-1B,,obd_soft_prompt_training,sample,,93.8,284799845,17182,14525468672,28210929664,343168033,8822,,inference,25,9.5,37874573312,44.7,68541702144,30667128832,,2026-03-10T12:54:45.335960+00:00
2771375616,23993516032,2658458624,23993516032,1,cuda,386385608704,61.3,999327526912,612941918208,53.846002,,obd_soft_prompt_llama_3_2_1b_inference,meta-llama/Llama-3.2-1B,,obd_soft_prompt_training,sample,,93.9,284799845,17182,14525468672,28210929664,343168033,8822,,inference,26,7.7,37905018880,44.7,68541702144,30636683264,,2026-03-10T12:54:45.851536+00:00
2771375616,23993516032,2659406336,23993516032,1,cuda,386385608704,61.3,999327526912,612941918208,54.34808,,obd_soft_prompt_llama_3_2_1b_inference,meta-llama/Llama-3.2-1B,,obd_soft_prompt_training,sample,,100.0,284799845,17182,14525468672,28210929664,343168033,8822,,inference,27,9.5,37906497536,44.7,68541702144,30635204608,,2026-03-10T12:54:46.351989+00:00
2771375616,23993516032,2659902976,23993516032,1,cuda,386385641472,61.3,999327526912,612941885440,54.863065,,obd_soft_prompt_llama_3_2_1b_inference,meta-llama/Llama-3.2-1B,,obd_soft_prompt_training,sample,,100.1,284799845,17182,14525468672,28210929664,343168033,8822,,inference,28,10.6,37907009536,44.7,68541702144,30634692608,,2026-03-10T12:54:46.867598+00:00
2771375616,23993516032,2633233408,23993516032,1,cuda,386385641472,61.3,999327526912,612941885440,54.896983,2.852334899987909,obd_soft_prompt_llama_3_2_1b_inference,meta-llama/Llama-3.2-1B,,obd_soft_prompt_training,inference_step,669,97.7,284799845,17182,14525468672,28210929664,343168033,8822,obd_cot_000025,inference,23,9.0,37907042304,44.7,68541702144,30634659840,,2026-03-10T12:54:46.902517+00:00
2771375616,23993516032,2656517120,23993516032,1,cuda,386385641472,61.3,999327526912,612941885440,55.363652,,obd_soft_prompt_llama_3_2_1b_inference,meta-llama/Llama-3.2-1B,,obd_soft_prompt_training,sample,,103.5,284799845,17182,14525468672,28210929664,343168033,8822,,inference,24,8.8,37910740992,44.7,68541702144,30630961152,,2026-03-10T12:54:47.369186+00:00
2771375616,23993516032,2657261056,23993516032,1,cuda,386385641472,61.3,999327526912,612941885440,55.876843,,obd_soft_prompt_llama_3_2_1b_inference,meta-llama/Llama-3.2-1B,,obd_soft_prompt_training,sample,,99.9,284799845,17182,14525468672,28210929664,343168033,8822,,inference,25,7.3,37931573248,44.7,68541702144,30610128896,,2026-03-10T12:54:47.882377+00:00
2771375616,23993516032,2658078720,23993516032,1,cuda,386385633280,61.3,999327526912,612941893632,56.384139,,obd_soft_prompt_llama_3_2_1b_inference,meta-llama/Llama-3.2-1B,,obd_soft_prompt_training,sample,,103.1,284799845,17182,14525468672,28210929664,343168033,8822,,inference,26,7.8,37932040192,44.7,68541702144,30609661952,,2026-03-10T12:54:48.388633+00:00
2771375616,23993516032,2658793472,23993516032,1,cuda,386385633280,61.3,999327526912,612941893632,56.892901,,obd_soft_prompt_llama_3_2_1b_inference,meta-llama/Llama-3.2-1B,,obd_soft_prompt_training,sample,,96.9,284799845,17182,14525468672,28210929664,343168033,8822,,inference,27,8.5,37932716032,44.7,68541702144,30608986112,,2026-03-10T12:54:48.898435+00:00
2771375616,23993516032,2659632640,23993516032,1,cuda,386385633280,61.3,999327526912,612941893632,57.395677,,obd_soft_prompt_llama_3_2_1b_inference,meta-llama/Llama-3.2-1B,,obd_soft_prompt_training,sample,,96.9,284799845,17182,14525468672,28210929664,343168033,8822,,inference,28,8.0,37933244416,44.7,68541702144,30608457728,,2026-03-10T12:54:49.401211+00:00
2771375616,23993516032,2660333568,23993516032,1,cuda,386385633280,61.3,999327526912,612941893632,57.913544,,obd_soft_prompt_llama_3_2_1b_inference,meta-llama/Llama-3.2-1B,,obd_soft_prompt_training,sample,,100.1,284799845,17182,14525468672,28210929664,343168033,8822,,inference,29,9.7,37933469696,44.7,68541702144,30608232448,,2026-03-10T12:54:49.919078+00:00
2771375616,23993516032,2633233408,23993516032,1,cuda,386385633280,61.3,999327526912,612941893632,57.951011,3.044575199994142,obd_soft_prompt_llama_3_2_1b_inference,meta-llama/Llama-3.2-1B,,obd_soft_prompt_training,inference_step,753,100.8,284799845,17182,14525468672,28210929664,343168033,8822,obd_cot_000009,inference,24,8.3,37932175360,44.7,68541702144,30609526784,,2026-03-10T12:54:49.955545+00:00
2771375616,23993516032,2656546816,23993516032,1,cuda,386385633280,61.3,999327526912,612941893632,58.428838,,obd_soft_prompt_llama_3_2_1b_inference,meta-llama/Llama-3.2-1B,,obd_soft_prompt_training,sample,,96.6,284799845,17182,14525468672,28210929664,343168033,8822,,inference,25,9.7,37932670976,44.7,68541702144,30609031168,,2026-03-10T12:54:50.433372+00:00
2771375616,23993516032,2657342976,23993516032,1,cuda,386385633280,61.3,999327526912,612941893632,58.930151,,obd_soft_prompt_llama_3_2_1b_inference,meta-llama/Llama-3.2-1B,,obd_soft_prompt_training,sample,,100.0,284799845,17182,14525468672,28210929664,343168033,8822,,inference,26,10.4,37933899776,44.7,68541702144,30607802368,,2026-03-10T12:54:50.934696+00:00
2771375616,23993516032,2658049536,23993516032,1,cuda,386385633280,61.3,999327526912,612941893632,59.430387,,obd_soft_prompt_llama_3_2_1b_inference,meta-llama/Llama-3.2-1B,,obd_soft_prompt_training,sample,,96.9,284799845,17182,14525468672,28210929664,343168033,8822,,inference,27,6.3,37934161920,44.7,68541702144,30607540224,,2026-03-10T12:54:51.435921+00:00
2771375616,23993516032,2658791936,23993516032,1,cuda,386385633280,61.3,999327526912,612941893632,59.945833,,obd_soft_prompt_llama_3_2_1b_inference,meta-llama/Llama-3.2-1B,,obd_soft_prompt_training,sample,,100.1,284799845,17182,14525468672,28210929664,343168033,8822,,inference,28,9.6,37930000384,44.7,68541702144,30611701760,,2026-03-10T12:54:51.951367+00:00
2771375616,23993516032,2633233408,23993516032,1,cuda,386385764352,61.3,999327526912,612941762560,60.201889,2.2494491999968886,obd_soft_prompt_llama_3_2_1b_inference,meta-llama/Llama-3.2-1B,,obd_soft_prompt_training,inference_step,510,100.0,284799845,17182,14525468672,28210929664,343168033,8822,obd_cot_000010,inference,25,8.6,37944274944,44.6,68541702144,30597427200,,2026-03-10T12:54:52.206423+00:00
2771375616,23993516032,2656107520,23993516032,1,cuda,386385764352,61.3,999327526912,612941762560,60.446764,,obd_soft_prompt_llama_3_2_1b_inference,meta-llama/Llama-3.2-1B,,obd_soft_prompt_training,sample,,106.2,284799845,17182,14525468672,28210929664,343168033,8822,,inference,26,7.9,37952987136,44.6,68541702144,30588715008,,2026-03-10T12:54:52.451393+00:00
2771375616,23993516032,2656945152,23993516032,1,cuda,386385764352,61.3,999327526912,612941762560,60.961799,,obd_soft_prompt_llama_3_2_1b_inference,meta-llama/Llama-3.2-1B,,obd_soft_prompt_training,sample,,96.9,284799845,17182,14525468672,28210929664,343168033,8822,,inference,27,6.7,37957885952,44.6,68541702144,30583816192,,2026-03-10T12:54:52.967333+00:00
2771375616,23993516032,2657619456,23993516032,1,cuda,386385764352,61.3,999327526912,612941762560,61.463386,,obd_soft_prompt_llama_3_2_1b_inference,meta-llama/Llama-3.2-1B,,obd_soft_prompt_training,sample,,90.6,284799845,17182,14525468672,28210929664,343168033,8822,,inference,28,9.7,37956808704,44.6,68541702144,30584893440,,2026-03-10T12:54:53.468920+00:00
2771375616,23993516032,2658419712,23993516032,1,cuda,386385764352,61.3,999327526912,612941762560,61.964693,,obd_soft_prompt_llama_3_2_1b_inference,meta-llama/Llama-3.2-1B,,obd_soft_prompt_training,sample,,96.9,284799845,17182,14525468672,28210929664,343168033,8822,,inference,29,8.8,37958582272,44.6,68541702144,30583119872,,2026-03-10T12:54:53.969192+00:00
2771375616,23993516032,2659116544,23993516032,1,cuda,386385764352,61.3,999327526912,612941762560,62.465767,,obd_soft_prompt_llama_3_2_1b_inference,meta-llama/Llama-3.2-1B,,obd_soft_prompt_training,sample,,100.0,284799845,17182,14525468672,28210929664,343168033,8822,,inference,30,7.6,37958832128,44.6,68541702144,30582870016,,2026-03-10T12:54:54.471301+00:00
2771375616,23993516032,2659881984,23993516032,1,cuda,386385764352,61.3,999327526912,612941762560,62.967377,,obd_soft_prompt_llama_3_2_1b_inference,meta-llama/Llama-3.2-1B,,obd_soft_prompt_training,sample,,96.9,284799845,17182,14525468672,28210929664,343168033,8822,,inference,31,9.7,37960671232,44.6,68541702144,30581030912,,2026-03-10T12:54:54.972911+00:00
2771375616,23993516032,2633233408,23993516032,1,cuda,386385764352,61.3,999327526912,612941762560,63.056798,2.854418600007193,obd_soft_prompt_llama_3_2_1b_inference,meta-llama/Llama-3.2-1B,,obd_soft_prompt_training,inference_step,699,120.2,284799845,17182,14525468672,28210929664,343168033,8822,obd_cot_000110,inference,26,8.4,37960368128,44.6,68541702144,30581334016,,2026-03-10T12:54:55.062332+00:00
2771375616,23993516032,2656386560,23993516032,1,cuda,386385764352,61.3,999327526912,612941762560,63.478394,,obd_soft_prompt_llama_3_2_1b_inference,meta-llama/Llama-3.2-1B,,obd_soft_prompt_training,sample,,96.3,284799845,17182,14525468672,28210929664,343168033,8822,,inference,27,5.3,37960695808,44.6,68541702144,30581006336,,2026-03-10T12:54:55.483928+00:00
2771375616,23993516032,2657126912,23993516032,1,cuda,386385764352,61.3,999327526912,612941762560,63.978724,,obd_soft_prompt_llama_3_2_1b_inference,meta-llama/Llama-3.2-1B,,obd_soft_prompt_training,sample,,100.0,284799845,17182,14525468672,28210929664,343168033,8822,,inference,28,9.6,37961895936,44.6,68541702144,30579806208,,2026-03-10T12:54:55.984258+00:00
2771375616,23993516032,2660500480,23993516032,1,cuda,386385764352,61.3,999327526912,612941762560,64.496606,,obd_soft_prompt_llama_3_2_1b_inference,meta-llama/Llama-3.2-1B,,obd_soft_prompt_training,sample,,100.1,284799845,17182,14525468672,28210929664,343168033,8822,,inference,29,9.0,37959397376,44.6,68541702144,30582304768,,2026-03-10T12:54:56.501208+00:00
2771375616,23993516032,2633233408,23993516032,1,cuda,386385764352,61.3,999327526912,612941762560,64.896635,1.8532976999995299,obd_soft_prompt_llama_3_2_1b_inference,meta-llama/Llama-3.2-1B,,obd_soft_prompt_training,inference_step,456,103.7,284799845,17182,14525468672,28210929664,343168033,8822,obd_cot_000153,inference,27,7.3,37959671808,44.6,68541702144,30582030336,,2026-03-10T12:54:56.902169+00:00
2771375616,23993516032,2655756288,23993516032,1,cuda,386385764352,61.3,999327526912,612941762560,64.996621,,obd_soft_prompt_llama_3_2_1b_inference,meta-llama/Llama-3.2-1B,,obd_soft_prompt_training,sample,,84.0,284799845,17182,14525468672,28210929664,343168033,8822,,inference,28,7.4,37959708672,44.6,68541702144,30581993472,,2026-03-10T12:54:57.002155+00:00
2771375616,23993516032,2656563200,23993516032,1,cuda,386385760256,61.3,999327526912,612941766656,65.502949,,obd_soft_prompt_llama_3_2_1b_inference,meta-llama/Llama-3.2-1B,,obd_soft_prompt_training,sample,,93.9,284799845,17182,14525468672,28210929664,343168033,8822,,inference,29,8.2,37958488064,44.6,68541702144,30583214080,,2026-03-10T12:54:57.508483+00:00
2771375616,23993516032,2660346368,23993516032,1,cuda,386385764352,61.3,999327526912,612941762560,66.013672,,obd_soft_prompt_llama_3_2_1b_inference,meta-llama/Llama-3.2-1B,,obd_soft_prompt_training,sample,,96.9,284799845,17182,14525468672,28210929664,343168033,8822,,inference,30,6.0,37977153536,44.6,68541702144,30564548608,,2026-03-10T12:54:58.017717+00:00
2771375616,23993516032,2658140160,23993516032,1,cuda,386385764352,61.3,999327526912,612941762560,66.529964,,obd_soft_prompt_llama_3_2_1b_inference,meta-llama/Llama-3.2-1B,,obd_soft_prompt_training,sample,,90.8,284799845,17182,14525468672,28210929664,343168033,8822,,inference,31,9.2,37980581888,44.6,68541702144,30561120256,,2026-03-10T12:54:58.534802+00:00
2771375616,23993516032,2633233408,23993516032,1,cuda,386385764352,61.3,999327526912,612941762560,66.796515,1.8832834999921033,obd_soft_prompt_llama_3_2_1b_inference,meta-llama/Llama-3.2-1B,,obd_soft_prompt_training,inference_step,455,89.0,284799845,17182,14525468672,28210929664,343168033,8822,obd_cot_000024,inference,28,8.0,37982498816,44.6,68541702144,30559203328,,2026-03-10T12:54:58.801399+00:00
2771375616,23993516032,2656224768,23993516032,1,cuda,386386776064,61.3,999327526912,612940750848,67.045,,obd_soft_prompt_llama_3_2_1b_inference,meta-llama/Llama-3.2-1B,,obd_soft_prompt_training,sample,,120.2,284799845,17182,14525468672,28210929664,343168033,8822,,inference,29,11.1,37980409856,44.6,68541702144,30561292288,,2026-03-10T12:54:59.050534+00:00
2771375616,23993516032,2656923648,23993516032,1,cuda,386386644992,61.3,999327526912,612940881920,67.546457,,obd_soft_prompt_llama_3_2_1b_inference,meta-llama/Llama-3.2-1B,,obd_soft_prompt_training,sample,,96.9,284799845,17182,14525468672,28210929664,343168033,8822,,inference,30,9.0,37979754496,44.6,68541702144,30561947648,,2026-03-10T12:54:59.550574+00:00
2771375616,23993516032,2657691648,23993516032,1,cuda,386386644992,61.3,999327526912,612940881920,68.046487,,obd_soft_prompt_llama_3_2_1b_inference,meta-llama/Llama-3.2-1B,,obd_soft_prompt_training,sample,,100.0,284799845,17182,14525468672,28210929664,343168033,8822,,inference,31,5.8,37978308608,44.6,68541702144,30563393536,,2026-03-10T12:55:00.052021+00:00
2771375616,23993516032,2658505728,23993516032,1,cuda,386386644992,61.3,999327526912,612940881920,68.562106,,obd_soft_prompt_llama_3_2_1b_inference,meta-llama/Llama-3.2-1B,,obd_soft_prompt_training,sample,,97.1,284799845,17182,14525468672,28210929664,343168033,8822,,inference,32,8.0,37979533312,44.6,68541702144,30562168832,,2026-03-10T12:55:00.567640+00:00
2771375616,23993516032,2659125760,23993516032,1,cuda,386386644992,61.3,999327526912,612940881920,69.063096,,obd_soft_prompt_llama_3_2_1b_inference,meta-llama/Llama-3.2-1B,,obd_soft_prompt_training,sample,,84.4,284799845,17182,14525468672,28210929664,343168033,8822,,inference,33,7.3,37982777344,44.6,68541702144,30558924800,,2026-03-10T12:55:01.068630+00:00
2771375616,23993516032,2633233408,23993516032,1,cuda,386386644992,61.3,999327526912,612940881920,69.396423,2.6108964000013657,obd_soft_prompt_llama_3_2_1b_inference,meta-llama/Llama-3.2-1B,,obd_soft_prompt_training,inference_step,639,99.7,284799845,17182,14525468672,28210929664,343168033,8822,obd_cot_000141,inference,29,7.5,37982785536,44.6,68541702144,30558916608,,2026-03-10T12:55:01.401957+00:00
2771375616,23993516032,2655932928,23993516032,1,cuda,386386644992,61.3,999327526912,612940881920,69.563105,,obd_soft_prompt_llama_3_2_1b_inference,meta-llama/Llama-3.2-1B,,obd_soft_prompt_training,sample,,73.1,284799845,17182,14525468672,28210929664,343168033,8822,,inference,30,7.6,37983035392,44.6,68541702144,30558666752,,2026-03-10T12:55:01.568639+00:00
2771375616,23993516032,2656518144,23993516032,1,cuda,386386644992,61.3,999327526912,612940881920,70.079737,,obd_soft_prompt_llama_3_2_1b_inference,meta-llama/Llama-3.2-1B,,obd_soft_prompt_training,sample,,93.9,284799845,17182,14525468672,28210929664,343168033,8822,,inference,31,8.6,37984096256,44.6,68541702144,30557605888,,2026-03-10T12:55:02.084282+00:00
2771375616,23993516032,2662151680,23993516032,1,cuda,386386644992,61.3,999327526912,612940881920,70.596357,,obd_soft_prompt_llama_3_2_1b_inference,meta-llama/Llama-3.2-1B,,obd_soft_prompt_training,sample,,78.7,284799845,17182,14525468672,28210929664,343168033,8822,,inference,32,7.1,37999620096,44.6,68541702144,30542082048,,2026-03-10T12:55:02.601891+00:00
2771375616,23993516032,2657660416,23993516032,1,cuda,386386644992,61.3,999327526912,612940881920,71.111866,,obd_soft_prompt_llama_3_2_1b_inference,meta-llama/Llama-3.2-1B,,obd_soft_prompt_training,sample,,81.9,284799845,17182,14525468672,28210929664,343168033,8822,,inference,33,4.4,38001569792,44.6,68541702144,30540132352,,2026-03-10T12:55:03.117400+00:00
2771375616,23993516032,2658482176,23993516032,1,cuda,386386644992,61.3,999327526912,612940881920,71.616912,,obd_soft_prompt_llama_3_2_1b_inference,meta-llama/Llama-3.2-1B,,obd_soft_prompt_training,sample,,65.6,284799845,17182,14525468672,28210929664,343168033,8822,,inference,34,8.9,38001971200,44.6,68541702144,30539730944,,2026-03-10T12:55:03.620916+00:00
2771375616,23993516032,2658747392,23993516032,1,cuda,386386644992,61.3,999327526912,612940881920,72.129758,,obd_soft_prompt_llama_3_2_1b_inference,meta-llama/Llama-3.2-1B,,obd_soft_prompt_training,sample,,69.6,284799845,17182,14525468672,28210929664,343168033,8822,,inference,35,9.0,38002929664,44.6,68541702144,30538772480,,2026-03-10T12:55:04.134522+00:00
2771375616,23993516032,2662084608,23993516032,1,cuda,386386644992,61.3,999327526912,612940881920,72.644701,,obd_soft_prompt_llama_3_2_1b_inference,meta-llama/Llama-3.2-1B,,obd_soft_prompt_training,sample,,78.7,284799845,17182,14525468672,28210929664,343168033,8822,,inference,36,9.7,38003474432,44.6,68541702144,30538227712,,2026-03-10T12:55:04.650235+00:00
2771375616,23993516032,2633233408,23993516032,1,cuda,386386644992,61.3,999327526912,612940881920,73.062956,3.653076799993869,obd_soft_prompt_llama_3_2_1b_inference,meta-llama/Llama-3.2-1B,,obd_soft_prompt_training,inference_step,661,74.2,284799845,17182,14525468672,28210929664,343168033,8822,obd_cot_000175,inference,30,7.7,38005080064,44.6,68541702144,30536622080,,2026-03-10T12:55:05.067629+00:00
2771375616,23993516032,2655837184,23993516032,1,cuda,386386644992,61.3,999327526912,612940881920,73.146235,,obd_soft_prompt_llama_3_2_1b_inference,meta-llama/Llama-3.2-1B,,obd_soft_prompt_training,sample,,98.9,284799845,17182,14525468672,28210929664,343168033,8822,,inference,31,8.5,38005080064,44.6,68541702144,30536622080,,2026-03-10T12:55:05.150343+00:00
2771375616,23993516032,2656456704,23993516032,1,cuda,386386644992,61.3,999327526912,612940881920,73.663205,,obd_soft_prompt_llama_3_2_1b_inference,meta-llama/Llama-3.2-1B,,obd_soft_prompt_training,sample,,81.9,284799845,17182,14525468672,28210929664,343168033,8822,,inference,32,8.3,38005223424,44.6,68541702144,30536478720,,2026-03-10T12:55:05.667396+00:00
2771375616,23993516032,2657018880,23993516032,1,cuda,386386644992,61.3,999327526912,612940881920,74.174488,,obd_soft_prompt_llama_3_2_1b_inference,meta-llama/Llama-3.2-1B,,obd_soft_prompt_training,sample,,78.7,284799845,17182,14525468672,28210929664,343168033,8822,,inference,33,4.1,38005002240,44.6,68541702144,30536699904,,2026-03-10T12:55:06.179660+00:00
2771375616,23993516032,2657497088,23993516032,1,cuda,386386644992,61.3,999327526912,612940881920,74.679564,,obd_soft_prompt_llama_3_2_1b_inference,meta-llama/Llama-3.2-1B,,obd_soft_prompt_training,sample,,84.4,284799845,17182,14525468672,28210929664,343168033,8822,,inference,34,6.8,38004350976,44.6,68541702144,30537351168,,2026-03-10T12:55:06.684362+00:00
2771375616,23993516032,2658078208,23993516032,1,cuda,386386644992,61.3,999327526912,612940881920,75.196202,,obd_soft_prompt_llama_3_2_1b_inference,meta-llama/Llama-3.2-1B,,obd_soft_prompt_training,sample,,75.8,284799845,17182,14525468672,28210929664,343168033,8822,,inference,35,8.6,38004662272,44.6,68541702144,30537039872,,2026-03-10T12:55:07.200950+00:00
2771375616,23993516032,2658655744,23993516032,1,cuda,386386644992,61.3,999327526912,612940881920,75.696755,,obd_soft_prompt_llama_3_2_1b_inference,meta-llama/Llama-3.2-1B,,obd_soft_prompt_training,sample,,84.4,284799845,17182,14525468672,28210929664,343168033,8822,,inference,36,6.2,38007386112,44.5,68541702144,30534316032,,2026-03-10T12:55:07.702289+00:00
2771375616,23993516032,2633233408,23993516032,1,cuda,386386644992,61.3,999327526912,612940881920,75.729526,2.6654156999866245,obd_soft_prompt_llama_3_2_1b_inference,meta-llama/Llama-3.2-1B,,obd_soft_prompt_training,inference_step,455,97.7,284799845,17182,14525468672,28210929664,343168033,8822,obd_cot_000028,inference,31,6.3,38007386112,44.5,68541702144,30534316032,,2026-03-10T12:55:07.734129+00:00
2771375616,23993516032,2656321536,23993516032,1,cuda,386386644992,61.3,999327526912,612940881920,76.211837,,obd_soft_prompt_llama_3_2_1b_inference,meta-llama/Llama-3.2-1B,,obd_soft_prompt_training,sample,,80.7,284799845,17182,14525468672,28210929664,343168033,8822,,inference,32,5.5,38007345152,44.5,68541702144,30534356992,,2026-03-10T12:55:08.217371+00:00
2771375616,23993516032,2656897536,23993516032,1,cuda,386386644992,61.3,999327526912,612940881920,76.712803,,obd_soft_prompt_llama_3_2_1b_inference,meta-llama/Llama-3.2-1B,,obd_soft_prompt_training,sample,,84.4,284799845,17182,14525468672,28210929664,343168033,8822,,inference,33,7.8,38008328192,44.5,68541702144,30533373952,,2026-03-10T12:55:08.718337+00:00
2771375616,23993516032,2662742016,23993516032,1,cuda,386386644992,61.3,999327526912,612940881920,77.212863,,obd_soft_prompt_llama_3_2_1b_inference,meta-llama/Llama-3.2-1B,,obd_soft_prompt_training,sample,,96.9,284799845,17182,14525468672,28210929664,343168033,8822,,inference,34,6.4,38009896960,44.5,68541702144,30531805184,,2026-03-10T12:55:09.218397+00:00
2771375616,23993516032,2663714304,23993516032,1,cuda,386386644992,61.3,999327526912,612940881920,77.728429,,obd_soft_prompt_llama_3_2_1b_inference,meta-llama/Llama-3.2-1B,,obd_soft_prompt_training,sample,,99.9,284799845,17182,14525468672,28210929664,343168033,8822,,inference,35,9.8,38010105856,44.5,68541702144,30531596288,,2026-03-10T12:55:09.733963+00:00
2771375616,23993516032,2664525824,23993516032,1,cuda,386386644992,61.3,999327526912,612940881920,78.244134,,obd_soft_prompt_llama_3_2_1b_inference,meta-llama/Llama-3.2-1B,,obd_soft_prompt_training,sample,,88.0,284799845,17182,14525468672,28210929664,343168033,8822,,inference,36,8.8,38010101760,44.5,68541702144,30531600384,,2026-03-10T12:55:10.248667+00:00
2771375616,23993516032,2659678720,23993516032,1,cuda,386386644992,61.3,999327526912,612940881920,78.758798,,obd_soft_prompt_llama_3_2_1b_inference,meta-llama/Llama-3.2-1B,,obd_soft_prompt_training,sample,,90.8,284799845,17182,14525468672,28210929664,343168033,8822,,inference,37,5.0,38062583808,44.5,68541702144,30479118336,,2026-03-10T12:55:10.764332+00:00
2771375616,23993516032,2633233408,23993516032,1,cuda,386386644992,61.3,999327526912,612940881920,79.044421,3.3138333999959286,obd_soft_prompt_llama_3_2_1b_inference,meta-llama/Llama-3.2-1B,,obd_soft_prompt_training,inference_step,721,89.0,284799845,17182,14525468672,28210929664,343168033,8822,obd_cot_000037,inference,32,7.0,38062682112,44.5,68541702144,30479020032,,2026-03-10T12:55:11.048955+00:00
2771375616,23993516032,2655920640,23993516032,1,cuda,386386644992,61.3,999327526912,612940881920,79.261168,,obd_soft_prompt_llama_3_2_1b_inference,meta-llama/Llama-3.2-1B,,obd_soft_prompt_training,sample,,99.9,284799845,17182,14525468672,28210929664,343168033,8822,,inference,33,7.7,38062411776,44.5,68541702144,30479290368,,2026-03-10T12:55:11.266702+00:00
2771375616,23993516032,2661526528,23993516032,1,cuda,386386644992,61.3,999327526912,612940881920,79.762678,,obd_soft_prompt_llama_3_2_1b_inference,meta-llama/Llama-3.2-1B,,obd_soft_prompt_training,sample,,93.8,284799845,17182,14525468672,28210929664,343168033,8822,,inference,34,9.3,38063472640,44.5,68541702144,30478229504,,2026-03-10T12:55:11.767157+00:00
2771375616,23993516032,2657357312,23993516032,1,cuda,386386644992,61.3,999327526912,612940881920,80.276021,,obd_soft_prompt_llama_3_2_1b_inference,meta-llama/Llama-3.2-1B,,obd_soft_prompt_training,sample,,90.8,284799845,17182,14525468672,28210929664,343168033,8822,,inference,35,8.9,38064058368,44.5,68541702144,30477643776,,2026-03-10T12:55:12.280555+00:00
2771375616,23993516032,2657926656,23993516032,1,cuda,386386644992,61.3,999327526912,612940881920,80.778311,,obd_soft_prompt_llama_3_2_1b_inference,meta-llama/Llama-3.2-1B,,obd_soft_prompt_training,sample,,87.5,284799845,17182,14525468672,28210929664,343168033,8822,,inference,36,5.5,38060900352,44.5,68541702144,30480801792,,2026-03-10T12:55:12.783845+00:00
2771375616,23993516032,2658608640,23993516032,1,cuda,386386644992,61.3,999327526912,612940881920,81.279391,,obd_soft_prompt_llama_3_2_1b_inference,meta-llama/Llama-3.2-1B,,obd_soft_prompt_training,sample,,81.9,284799845,17182,14525468672,28210929664,343168033,8822,,inference,37,7.6,38055026688,44.5,68541702144,30486675456,,2026-03-10T12:55:13.284271+00:00
2771375616,23993516032,2659273216,23993516032,1,cuda,386386644992,61.3,999327526912,612940881920,81.785302,,obd_soft_prompt_llama_3_2_1b_inference,meta-llama/Llama-3.2-1B,,obd_soft_prompt_training,sample,,96.9,284799845,17182,14525468672,28210929664,343168033,8822,,inference,38,8.6,38054608896,44.5,68541702144,30487093248,,2026-03-10T12:55:13.790836+00:00
2771375616,23993516032,2633233408,23993516032,1,cuda,386386644992,61.3,999327526912,612940881920,82.141428,3.095737600000575,obd_soft_prompt_llama_3_2_1b_inference,meta-llama/Llama-3.2-1B,,obd_soft_prompt_training,inference_step,648,86.8,284799845,17182,14525468672,28210929664,343168033,8822,obd_cot_000059,inference,33,7.9,38055460864,44.5,68541702144,30486241280,,2026-03-10T12:55:14.145961+00:00
2771375616,23993516032,2655819264,23993516032,1,cuda,386386644992,61.3,999327526912,612940881920,82.29594,,obd_soft_prompt_llama_3_2_1b_inference,meta-llama/Llama-3.2-1B,,obd_soft_prompt_training,sample,,80.1,284799845,17182,14525468672,28210929664,343168033,8822,,inference,34,5.8,38055411712,44.5,68541702144,30486290432,,2026-03-10T12:55:14.300577+00:00
2771375616,23993516032,2656415744,23993516032,1,cuda,386386644992,61.3,999327526912,612940881920,82.796342,,obd_soft_prompt_llama_3_2_1b_inference,meta-llama/Llama-3.2-1B,,obd_soft_prompt_training,sample,,81.2,284799845,17182,14525468672,28210929664,343168033,8822,,inference,35,7.0,38103875584,44.4,68541702144,30437826560,,2026-03-10T12:55:14.801876+00:00
2771375616,23993516032,2656959488,23993516032,1,cuda,386386644992,61.3,999327526912,612940881920,83.312567,,obd_soft_prompt_llama_3_2_1b_inference,meta-llama/Llama-3.2-1B,,obd_soft_prompt_training,sample,,81.9,284799845,17182,14525468672,28210929664,343168033,8822,,inference,36,8.5,38104158208,44.4,68541702144,30437543936,,2026-03-10T12:55:15.317314+00:00
2771375616,23993516032,2657472000,23993516032,1,cuda,386386644992,61.3,999327526912,612940881920,83.829203,,obd_soft_prompt_llama_3_2_1b_inference,meta-llama/Llama-3.2-1B,,obd_soft_prompt_training,sample,,87.8,284799845,17182,14525468672,28210929664,343168033,8822,,inference,37,6.6,38106021888,44.4,68541702144,30435680256,,2026-03-10T12:55:15.833849+00:00
2771375616,23993516032,2658051584,23993516032,1,cuda,386386644992,61.3,999327526912,612940881920,84.329208,,obd_soft_prompt_llama_3_2_1b_inference,meta-llama/Llama-3.2-1B,,obd_soft_prompt_training,sample,,78.1,284799845,17182,14525468672,28210929664,343168033,8822,,inference,38,8.7,38104944640,44.4,68541702144,30436757504,,2026-03-10T12:55:16.334742+00:00
2771375616,23993516032,2658669568,23993516032,1,cuda,386386644992,61.3,999327526912,612940881920,84.845266,,obd_soft_prompt_llama_3_2_1b_inference,meta-llama/Llama-3.2-1B,,obd_soft_prompt_training,sample,,78.7,284799845,17182,14525468672,28210929664,343168033,8822,,inference,39,10.2,38102540288,44.4,68541702144,30439161856,,2026-03-10T12:55:16.849800+00:00
2771375616,23993516032,2664718848,23993516032,1,cuda,386386644992,61.3,999327526912,612940881920,85.346072,,obd_soft_prompt_llama_3_2_1b_inference,meta-llama/Llama-3.2-1B,,obd_soft_prompt_training,sample,,75.0,284799845,17182,14525468672,28210929664,343168033,8822,,inference,40,9.2,38103134208,44.4,68541702144,30438567936,,2026-03-10T12:55:17.351169+00:00
2771375616,23993516032,2633233408,23993516032,1,cuda,386386644992,61.3,999327526912,612940881920,85.435277,3.2928366999985883,obd_soft_prompt_llama_3_2_1b_inference,meta-llama/Llama-3.2-1B,,obd_soft_prompt_training,inference_step,540,100.2,284799845,17182,14525468672,28210929664,343168033,8822,obd_cot_000064,inference,34,7.9,38103179264,44.4,68541702144,30438522880,,2026-03-10T12:55:17.439811+00:00
2771375616,23993516032,2656305152,23993516032,1,cuda,386386644992,61.3,999327526912,612940881920,85.858598,,obd_soft_prompt_llama_3_2_1b_inference,meta-llama/Llama-3.2-1B,,obd_soft_prompt_training,sample,,93.0,284799845,17182,14525468672,28210929664,343168033,8822,,inference,35,6.4,38103572480,44.4,68541702144,30438129664,,2026-03-10T12:55:17.864132+00:00
2771375616,23993516032,2656893952,23993516032,1,cuda,386386644992,61.3,999327526912,612940881920,86.360892,,obd_soft_prompt_llama_3_2_1b_inference,meta-llama/Llama-3.2-1B,,obd_soft_prompt_training,sample,,87.5,284799845,17182,14525452288,28211011584,343168033,8822,,inference,36,7.1,38100262912,44.4,68541702144,30441439232,,2026-03-10T12:55:18.366426+00:00
2771375616,23993516032,2657524224,23993516032,1,cuda,386386644992,61.3,999327526912,612940881920,86.862448,,obd_soft_prompt_llama_3_2_1b_inference,meta-llama/Llama-3.2-1B,,obd_soft_prompt_training,sample,,87.5,284799845,17182,14525452288,28211011584,343168033,8822,,inference,37,7.1,38103736320,44.4,68541702144,30437965824,,2026-03-10T12:55:18.866965+00:00
2771375616,23993516032,2658114048,23993516032,1,cuda,386386231296,61.3,999327526912,612941295616,87.377783,,obd_soft_prompt_llama_3_2_1b_inference,meta-llama/Llama-3.2-1B,,obd_soft_prompt_training,sample,,84.8,284799845,17182,14525452288,28211011584,343168033,8822,,inference,38,10.1,38004523008,44.6,68541702144,30537179136,,2026-03-10T12:55:19.383317+00:00
2771375616,23993516032,2658662400,23993516032,1,cuda,386386231296,61.3,999327526912,612941295616,87.879066,,obd_soft_prompt_llama_3_2_1b_inference,meta-llama/Llama-3.2-1B,,obd_soft_prompt_training,sample,,84.4,284799845,17182,14525452288,28211011584,343168033,8822,,inference,39,8.4,38009126912,44.5,68541702144,30532575232,,2026-03-10T12:55:19.883552+00:00
2771375616,23993516032,2659225600,23993516032,1,cuda,386386231296,61.3,999327526912,612941295616,88.394819,,obd_soft_prompt_llama_3_2_1b_inference,meta-llama/Llama-3.2-1B,,obd_soft_prompt_training,sample,,78.7,284799845,17182,14525452288,28211011584,343168033,8822,,inference,40,7.4,38007738368,44.5,68541702144,30533963776,,2026-03-10T12:55:20.400353+00:00
2771375616,23993516032,2633233408,23993516032,1,cuda,386386231296,61.3,999327526912,612941295616,88.682141,3.2453810000006342,obd_soft_prompt_llama_3_2_1b_inference,meta-llama/Llama-3.2-1B,,obd_soft_prompt_training,inference_step,628,94.5,284799845,17182,14525452288,28211011584,343168033,8822,obd_cot_000072,inference,35,7.8,38008590336,44.5,68541702144,30533111808,,2026-03-10T12:55:20.685629+00:00
2771375616,23993516032,2656019968,23993516032,1,cuda,386386231296,61.3,999327526912,612941295616,88.896693,,obd_soft_prompt_llama_3_2_1b_inference,meta-llama/Llama-3.2-1B,,obd_soft_prompt_training,sample,,85.6,284799845,17182,14525452288,28211011584,343168033,8822,,inference,36,7.1,38008799232,44.5,68541702144,30532902912,,2026-03-10T12:55:20.901223+00:00
2771375616,23993516032,2656659456,23993516032,1,cuda,386386231296,61.3,999327526912,612941295616,89.410693,,obd_soft_prompt_llama_3_2_1b_inference,meta-llama/Llama-3.2-1B,,obd_soft_prompt_training,sample,,85.0,284799845,17182,14525452288,28211011584,343168033,8822,,inference,37,5.9,38009430016,44.5,68541702144,30532272128,,2026-03-10T12:55:21.416227+00:00
2771375616,23993516032,2657257984,23993516032,1,cuda,386386231296,61.3,999327526912,612941295616,89.913291,,obd_soft_prompt_llama_3_2_1b_inference,meta-llama/Llama-3.2-1B,,obd_soft_prompt_training,sample,,84.4,284799845,17182,14525452288,28211011584,343168033,8822,,inference,38,7.4,38007111680,44.5,68541702144,30534590464,,2026-03-10T12:55:21.917861+00:00
2771375616,23993516032,2657999872,23993516032,1,cuda,386386231296,61.3,999327526912,612941295616,90.413308,,obd_soft_prompt_llama_3_2_1b_inference,meta-llama/Llama-3.2-1B,,obd_soft_prompt_training,sample,,84.4,284799845,17182,14525452288,28211011584,343168033,8822,,inference,39,6.9,38007496704,44.5,68541702144,30534205440,,2026-03-10T12:55:22.418842+00:00
2771375616,23993516032,2658631680,23993516032,1,cuda,386386231296,61.3,999327526912,612941295616,90.92804,,obd_soft_prompt_llama_3_2_1b_inference,meta-llama/Llama-3.2-1B,,obd_soft_prompt_training,sample,,96.9,284799845,17182,14525452288,28211011584,343168033,8822,,inference,40,7.6,38010810368,44.5,68541702144,30530891776,,2026-03-10T12:55:22.933574+00:00
2771375616,23993516032,2659225600,23993516032,1,cuda,386384596992,61.3,999327526912,612942929920,91.430945,,obd_soft_prompt_llama_3_2_1b_inference,meta-llama/Llama-3.2-1B,,obd_soft_prompt_training,sample,,87.5,284799845,17182,14525452288,28211011584,343168033,8822,,inference,41,6.5,38019457024,44.5,68541702144,30522245120,,2026-03-10T12:55:23.435480+00:00
2771375616,23993516032,2633233408,23993516032,1,cuda,386384400384,61.3,999327526912,612943126528,91.9068,3.2232399999920744,obd_soft_prompt_llama_3_2_1b_inference,meta-llama/Llama-3.2-1B,,obd_soft_prompt_training,inference_step,610,83.9,284799845,17182,14525452288,28211011584,343168033,8822,obd_cot_000192,inference,36,7.3,38018203648,44.5,68541702144,30523498496,,2026-03-10T12:55:23.910331+00:00
2771375616,23993516032,2678388224,23993516032,1,cuda,386384596992,61.3,999327526912,612942929920,91.941166,,obd_soft_prompt_llama_3_2_1b_inference,meta-llama/Llama-3.2-1B,,obd_soft_prompt_training,sample,,195.3,284799845,17182,14525452288,28211011584,343168033,8822,,inference,37,9.8,38019215360,44.5,68541702144,30522486784,,2026-03-10T12:55:23.937405+00:00
2771375616,23993516032,2661235712,23993516032,1,cuda,386384596992,61.3,999327526912,612942929920,92.447672,,obd_soft_prompt_llama_3_2_1b_inference,meta-llama/Llama-3.2-1B,,obd_soft_prompt_training,sample,,100.1,284799845,17182,14525452288,28211011584,343168033,8822,,inference,38,9.4,38000041984,44.6,68541702144,30541660160,,2026-03-10T12:55:24.452207+00:00
2771375616,23993516032,2657166848,23993516032,1,cuda,386384596992,61.3,999327526912,612942929920,92.961107,,obd_soft_prompt_llama_3_2_1b_inference,meta-llama/Llama-3.2-1B,,obd_soft_prompt_training,sample,,96.9,284799845,17182,14525452288,28211011584,343168033,8822,,inference,39,12.1,37974188032,44.6,68541702144,30567514112,,2026-03-10T12:55:24.966641+00:00
2771375616,23993516032,2657878528,23993516032,1,cuda,386384596992,61.3,999327526912,612942929920,93.463351,,obd_soft_prompt_llama_3_2_1b_inference,meta-llama/Llama-3.2-1B,,obd_soft_prompt_training,sample,,93.8,284799845,17182,14525452288,28211011584,343168033,8822,,inference,40,7.6,37976027136,44.6,68541702144,30565675008,,2026-03-10T12:55:25.468885+00:00
2771375616,23993516032,2633233408,23993516032,1,cuda,386384596992,61.3,999327526912,612942929920,93.868247,1.9656201000034343,obd_soft_prompt_llama_3_2_1b_inference,meta-llama/Llama-3.2-1B,,obd_soft_prompt_training,inference_step,407,96.2,284799845,17182,14525452288,28211011584,343168033,8822,obd_cot_000008,inference,37,9.3,37975302144,44.6,68541702144,30566400000,,2026-03-10T12:55:25.873781+00:00
2771375616,23993516032,2655963648,23993516032,1,cuda,386384596992,61.3,999327526912,612942929920,93.979851,,obd_soft_prompt_llama_3_2_1b_inference,meta-llama/Llama-3.2-1B,,obd_soft_prompt_training,sample,,71.0,284799845,17182,14525452288,28211011584,343168033,8822,,inference,38,8.1,37975007232,44.6,68541702144,30566694912,,2026-03-10T12:55:25.984382+00:00
2771375616,23993516032,2658970624,23993516032,1,cuda,386384596992,61.3,999327526912,612942929920,94.494643,,obd_soft_prompt_llama_3_2_1b_inference,meta-llama/Llama-3.2-1B,,obd_soft_prompt_training,sample,,97.1,284799845,17182,14525452288,28211011584,343168033,8822,,inference,39,8.7,37949591552,44.6,68541702144,30592110592,,2026-03-10T12:55:26.500177+00:00
2771375616,23993516032,2657171456,23993516032,1,cuda,386384596992,61.3,999327526912,612942929920,94.995483,,obd_soft_prompt_llama_3_2_1b_inference,meta-llama/Llama-3.2-1B,,obd_soft_prompt_training,sample,,93.8,284799845,17182,14525452288,28211011584,343168033,8822,,inference,40,8.9,37947936768,44.6,68541702144,30593765376,,2026-03-10T12:55:27.001017+00:00
2771375616,23993516032,2660367360,23993516032,1,cuda,386384596992,61.3,999327526912,612942929920,95.500794,,obd_soft_prompt_llama_3_2_1b_inference,meta-llama/Llama-3.2-1B,,obd_soft_prompt_training,sample,,87.8,284799845,17182,14525452288,28211011584,343168033,8822,,inference,41,9.8,37946572800,44.6,68541702144,30595129344,,2026-03-10T12:55:27.506328+00:00
2771375616,23993516032,2658520064,23993516032,1,cuda,386384531456,61.3,999327526912,612942995456,96.013667,,obd_soft_prompt_llama_3_2_1b_inference,meta-llama/Llama-3.2-1B,,obd_soft_prompt_training,sample,,90.6,284799845,17182,14525452288,28211011584,343168033,8822,,inference,42,8.7,37924413440,44.7,68541702144,30617288704,,2026-03-10T12:55:28.019201+00:00
2771375616,23993516032,2659129856,23993516032,1,cuda,386384531456,61.3,999327526912,612942995456,96.530109,,obd_soft_prompt_llama_3_2_1b_inference,meta-llama/Llama-3.2-1B,,obd_soft_prompt_training,sample,,96.9,284799845,17182,14525452288,28211011584,343168033,8822,,inference,43,9.5,37921910784,44.7,68541702144,30619791360,,2026-03-10T12:55:28.534643+00:00
2771375616,23993516032,2633233408,23993516032,1,cuda,386384531456,61.3,999327526912,612942995456,96.662931,2.7882168000069214,obd_soft_prompt_llama_3_2_1b_inference,meta-llama/Llama-3.2-1B,,obd_soft_prompt_training,inference_step,556,67.0,284799845,17182,14525452288,28211011584,343168033,8822,obd_cot_000030,inference,38,9.1,37923094528,44.7,68541702144,30618607616,,2026-03-10T12:55:28.667465+00:00
2771375616,23993516032,2656203264,23993516032,1,cuda,386384531456,61.3,999327526912,612942995456,97.04245,,obd_soft_prompt_llama_3_2_1b_inference,meta-llama/Llama-3.2-1B,,obd_soft_prompt_training,sample,,70.8,284799845,17182,14525452288,28211011584,343168033,8822,,inference,39,8.5,37922353152,44.7,68541702144,30619348992,,2026-03-10T12:55:29.047984+00:00
2771375616,23993516032,2659214336,23993516032,1,cuda,386384596992,61.3,999327526912,612942929920,97.545429,,obd_soft_prompt_llama_3_2_1b_inference,meta-llama/Llama-3.2-1B,,obd_soft_prompt_training,sample,,75.7,284799845,17182,14525452288,28211011584,343168033,8822,,inference,40,5.7,37925232640,44.7,68541702144,30616469504,,2026-03-10T12:55:29.550963+00:00
2771375616,23993516032,2657398272,23993516032,1,cuda,386384596992,61.3,999327526912,612942929920,98.047235,,obd_soft_prompt_llama_3_2_1b_inference,meta-llama/Llama-3.2-1B,,obd_soft_prompt_training,sample,,84.4,284799845,17182,14525452288,28211011584,343168033,8822,,inference,41,11.9,37918322688,44.7,68541702144,30623379456,,2026-03-10T12:55:30.051500+00:00
2771375616,23993516032,2658035200,23993516032,1,cuda,386384596992,61.3,999327526912,612942929920,98.562046,,obd_soft_prompt_llama_3_2_1b_inference,meta-llama/Llama-3.2-1B,,obd_soft_prompt_training,sample,,88.0,284799845,17182,14525452288,28211011584,343168033,8822,,inference,42,8.8,37918564352,44.7,68541702144,30623137792,,2026-03-10T12:55:30.567580+00:00
2771375616,23993516032,2658760192,23993516032,1,cuda,386384596992,61.3,999327526912,612942929920,99.063952,,obd_soft_prompt_llama_3_2_1b_inference,meta-llama/Llama-3.2-1B,,obd_soft_prompt_training,sample,,103.1,284799845,17182,14525452288,28211011584,343168033,8822,,inference,43,8.9,37925875712,44.7,68541702144,30615826432,,2026-03-10T12:55:31.069486+00:00
2771375616,23993516032,2659526144,23993516032,1,cuda,386384596992,61.3,999327526912,612942929920,99.578652,,obd_soft_prompt_llama_3_2_1b_inference,meta-llama/Llama-3.2-1B,,obd_soft_prompt_training,sample,,96.9,284799845,17182,14525452288,28211011584,343168033,8822,,inference,44,6.4,37926862848,44.7,68541702144,30614839296,,2026-03-10T12:55:31.584186+00:00
2771375616,23993516032,2633233408,23993516032,1,cuda,386384596992,61.3,999327526912,612942929920,99.863006,3.202643299999181,obd_soft_prompt_llama_3_2_1b_inference,meta-llama/Llama-3.2-1B,,obd_soft_prompt_training,inference_step,677,100.1,284799845,17182,14525452288,28211011584,343168033,8822,obd_cot_000165,inference,39,8.0,37930065920,44.7,68541702144,30611636224,,2026-03-10T12:55:31.868540+00:00
2771375616,23993516032,2633233408,23993516032,1,cuda,386384596992,61.3,999327526912,612942929920,99.863006,,obd_soft_prompt_llama_3_2_1b_inference,meta-llama/Llama-3.2-1B,39,obd_soft_prompt_training,finished,,0.0,284799845,17182,14525452288,28211011584,343168033,8822,,inference,40,0.0,37930065920,44.7,68541702144,30611636224,,2026-03-10T12:55:31.868540+00:00
